{
"type": "FeatureCollection",
"attribution": "Province boundaries: OCHA / Référentiel Géographique Commun, via HDX and geoBoundaries (gbHumanitarian), CC BY 3.0 IGO.",
"source": "https://github.com/wmgeolab/geoBoundaries/raw/9469f09/releaseData/gbHumanitarian/COD/ADM1/geoBoundaries-COD-ADM1.geojson",
"features": [
{"type":"Feature","properties":{"minmod_id":"Q3000","name":"Haut-Katanga"},"geometry":{"type":"Polygon","coordinates":[[[25.508135,-11.729862],[25.497,-11.726],[25.495,-11.744],[25.49,-11.757],[25.484,-11.762],[25.484,-11.772],[25.488,-11.779],[25.497,-11.785],[25.505999,-11.786],[25.517999,-11.779],[25.531999,-11.777],[25.548999,-11.768],[25.562999,-11.76],[25.576999,-11.762],[25.583999,-11.755],[25.591999,-11.742],[25.593999,-11.736],[25.600999,-11.734],[25.608999,-11.734],[25.622,-11.736],[25.629,-11.738],[25.634999,-11.738],[25.645999,-11.729],[25.649999,-11.729],[25.655,-11.733],[25.673,-11.774],[25.677,-11.782],[25.688,-11.788],[25.698,-11.791],[25.708,-11.807],[25.714,-11.813],[25.719,-11.816],[25.740999,-11.817],[25.747,-11.818],[25.784,-11.824],[25.798,-11.827],[25.818998,-11.828],[25.823998,-11.828],[25.835999,-11.824],[25.849999,-11.815],[25.862999,-11.802],[25.871999,-11.798],[25.88,-11.8],[25.887,-11.806],[25.89,-11.813],[25.894,-11.836],[25.898,-11.847],[25.906,-11.861],[25.919,-11.875],[25.933999,-11.88],[25.959998,-11.878],[25.975,-11.886],[25.987,-11.898],[25.99,-11.905],[25.991,-11.91],[25.988,-11.918],[25.98,-11.928],[25.978,-11.933],[25.981,-11.937],[25.989999,-11.941],[26.010998,-11.939],[26.035999,-11.942],[26.068998,-11.943],[26.136998,-11.94],[26.150998,-11.938],[26.169998,-11.935],[26.183,-11.939],[26.191998,-11.939],[26.196998,-11.933],[26.200998,-11.929],[26.211998,-11.928],[26.251,-11.943],[26.279998,-11.946],[26.287,-11.948],[26.298,-11.953],[26.302,-11.958],[26.312,-11.963],[26.321999,-11.966],[26.329998,-11.966],[26.334998,-11.965],[26.350998,-11.956],[26.364998,-11.944],[26.373998,-11.939],[26.391998,-11.93],[26.407998,-11.921],[26.408998,-11.92],[26.427998,-11.915],[26.443998,-11.915],[26.468,-11.92],[26.487,-11.929],[26.509,-11.95],[26.522,-11.957],[26.533,-11.96],[26.544,-11.966],[26.559,-11.979],[26.569999,-11.982],[26.583997,-11.98],[26.597997,-11.971],[26.602,-11.972],[26.61,-11.978],[26.625,-11.98],[26.63,-11.982],[26.636,-11.986],[26.662997,-11.986],[26.669,-11.987],[26.692,-11.992],[26.703,-12.003],[26.708,-12.009],[26.717997,-12.009],[26.723997,-12.003],[26.729997,-11.997],[26.741997,-11.988],[26.754997,-11.974],[26.759997,-11.971],[26.761997,-11.97],[26.763997,-11.967],[26.768997,-11.966],[26.774997,-11.963],[26.789997,-11.964],[26.798,-11.967],[26.816,-11.986],[26.827998,-11.992999],[26.834997,-11.99],[26.851997,-11.983],[26.855997,-11.981],[26.878998,-11.985],[26.883997,-11.985],[26.890997,-11.98],[26.896997,-11.975],[26.899997,-11.97],[26.901997,-11.966],[26.902997,-11.965],[26.907997,-11.955],[26.922997,-11.941],[26.936997,-11.934],[26.953997,-11.919],[26.962997,-11.903],[26.967997,-11.886],[26.970996,-11.88],[26.979996,-11.877],[26.985997,-11.862],[26.995997,-11.854],[27.000997,-11.854],[27.007996,-11.847],[27.009997,-11.839],[27.007996,-11.834],[26.998996,-11.817],[26.999997,-11.81],[27.004997,-11.799],[27.005997,-11.792],[27.005997,-11.78],[27.007996,-11.767],[27.012996,-11.753],[27.014997,-11.751],[27.023997,-11.743],[27.031997,-11.723],[27.043996,-11.715],[27.047996,-11.708],[27.048996,-11.699],[27.044996,-11.68],[27.038997,-11.67],[27.037997,-11.67],[27.029996,-11.661],[27.024996,-11.652],[27.024996,-11.628],[27.024996,-11.617],[27.027997,-11.611],[27.037997,-11.605],[27.043996,-11.603],[27.077996,-11.605],[27.088996,-11.606],[27.099996,-11.604],[27.113996,-11.598],[27.118996,-11.595],[27.135996,-11.596],[27.147999,-11.6],[27.156996,-11.6],[27.165996,-11.596],[27.176996,-11.587],[27.184996,-11.583],[27.192996,-11.576],[27.199996,-11.568],[27.205996,-11.568],[27.209,-11.573],[27.213,-11.587],[27.222,-11.624],[27.223,-11.629],[27.226,-11.656],[27.226,-11.66],[27.227253,-11.733926],[27.228,-11.778],[27.231,-11.784],[27.232,-11.787],[27.239,-11.796],[27.246,-11.801],[27.255997,-11.802],[27.270996,-11.803],[27.287,-11.809],[27.291,-11.81],[27.302,-11.817],[27.318,-11.83],[27.331,-11.836],[27.351,-11.853],[27.369,-11.86],[27.384,-11.872],[27.397,-11.876],[27.407,-11.895],[27.435,-11.905],[27.45,-11.914],[27.463,-11.928],[27.468,-11.938],[27.472,-11.96],[27.468,-11.981],[27.466,-12.0],[27.464,-12.016],[27.467,-12.035],[27.472,-12.048],[27.474,-12.052],[27.483,-12.058],[27.491,-12.061],[27.497,-12.067],[27.507,-12.101],[27.508,-12.137],[27.515,-12.157],[27.526,-12.174],[27.547,-12.195],[27.565,-12.21],[27.576,-12.215],[27.602,-12.218],[27.608,-12.221],[27.613,-12.224],[27.619,-12.233],[27.626,-12.26],[27.628,-12.27],[27.631,-12.275],[27.647,-12.285],[27.655996,-12.286999],[27.672995,-12.283],[27.679995,-12.283],[27.694996,-12.285999],[27.711995,-12.281],[27.725999,-12.283],[27.757995,-12.288999],[27.764994,-12.285999],[27.774994,-12.274],[27.783994,-12.269999],[27.808994,-12.264],[27.815994,-12.26],[27.816994,-12.26],[27.819994,-12.254],[27.813994,-12.234],[27.817994,-12.229999],[27.826999,-12.231],[27.851999,-12.242],[27.865995,-12.243999],[27.879994,-12.241999],[27.889994,-12.241999],[27.908994,-12.241999],[27.917994,-12.239999],[27.920999,-12.242],[27.924999,-12.248],[27.932999,-12.277],[27.944999,-12.298],[27.952999,-12.314],[27.952999,-12.326],[27.947999,-12.34],[27.949999,-12.35],[27.954998,-12.353999],[27.961993,-12.352999],[27.975993,-12.344999],[27.984993,-12.341],[27.988993,-12.338999],[27.991994,-12.338999],[27.997999,-12.341],[28.012999,-12.35],[28.030993,-12.350999],[28.037993,-12.350999],[28.045993,-12.350999],[28.060993,-12.349999],[28.062993,-12.349999],[28.075999,-12.353],[28.086999,-12.359],[28.093999,-12.373],[28.111999,-12.412],[28.117999,-12.43],[28.123999,-12.435],[28.128994,-12.435999],[28.138993,-12.428999],[28.145993,-12.427999],[28.146993,-12.417999],[28.143993,-12.413999],[28.146993,-12.406999],[28.152993,-12.397999],[28.164993,-12.386999],[28.173993,-12.382999],[28.180993,-12.382999],[28.188999,-12.401],[28.203999,-12.405],[28.212999,-12.406],[28.219999,-12.41],[28.228999,-12.42],[28.234997,-12.422999],[28.241992,-12.421999],[28.258992,-12.412999],[28.264992,-12.412999],[28.280997,-12.420999],[28.305992,-12.417999],[28.314999,-12.419],[28.326999,-12.425],[28.330999,-12.429],[28.337999,-12.435],[28.345999,-12.445],[28.386999,-12.484],[28.403999,-12.501],[28.416999,-12.508],[28.441999,-12.516],[28.448999,-12.524],[28.449999,-12.53],[28.442999,-12.557],[28.444999,-12.563],[28.450999,-12.569],[28.472999,-12.581],[28.489999,-12.593],[28.515999,-12.618],[28.521999,-12.628],[28.522999,-12.632],[28.522999,-12.634],[28.516999,-12.66],[28.514999,-12.667],[28.513999,-12.674],[28.508999,-12.679],[28.499999,-12.683],[28.476999,-12.684],[28.463999,-12.691],[28.455999,-12.699],[28.453999,-12.707],[28.454999,-12.709],[28.456999,-12.717],[28.464999,-12.734],[28.479999,-12.753],[28.502999,-12.776],[28.506999,-12.779],[28.512999,-12.785],[28.528999,-12.801],[28.538999,-12.821],[28.542999,-12.851],[28.543999,-12.856],[28.554999,-12.867],[28.563999,-12.875],[28.566999,-12.878],[28.568999,-12.887],[28.572998,-12.892999],[28.579991,-12.892999],[28.58199,-12.890999],[28.58799,-12.884999],[28.59199,-12.876999],[28.59999,-12.850999],[28.60499,-12.842999],[28.61599,-12.830999],[28.62599,-12.819999],[28.63399,-12.816999],[28.652999,-12.819],[28.658998,-12.821],[28.666999,-12.827],[28.677999,-12.842],[28.687999,-12.848],[28.697999,-12.851],[28.708998,-12.86],[28.725998,-12.877],[28.732999,-12.886],[28.734998,-12.902],[28.739998,-12.913],[28.751999,-12.925],[28.755999,-12.938],[28.755999,-12.939],[28.764994,-12.943997],[28.769989,-12.941999],[28.773989,-12.939999],[28.781998,-12.941],[28.789998,-12.946],[28.792999,-12.954],[28.790998,-12.964],[28.795998,-12.973],[28.818999,-12.996],[28.826998,-13.011],[28.833998,-13.027],[28.834998,-13.037],[28.833998,-13.049],[28.834998,-13.057],[28.839998,-13.062],[28.845998,-13.067],[28.847998,-13.072],[28.845998,-13.081],[28.833998,-13.082],[28.830998,-13.084],[28.833998,-13.091],[28.841999,-13.098],[28.846999,-13.106],[28.849998,-13.124],[28.846999,-13.145],[28.852998,-13.154],[28.856992,-13.156995],[28.862989,-13.150999],[28.869989,-13.150999],[28.873999,-13.155],[28.874998,-13.162999],[28.885989,-13.162999],[28.896988,-13.157999],[28.903998,-13.162],[28.910998,-13.179],[28.913998,-13.191],[28.921998,-13.213],[28.929998,-13.24],[28.941998,-13.272],[28.944998,-13.289],[28.945998,-13.304],[28.949998,-13.316],[28.963998,-13.334],[28.967998,-13.343],[28.967998,-13.353],[28.968998,-13.367],[28.973998,-13.374],[28.975998,-13.375999],[28.981988,-13.375999],[28.992988,-13.367999],[28.992998,-13.368],[28.998998,-13.372],[29.000998,-13.378],[28.998998,-13.385],[28.990998,-13.392],[28.998998,-13.411],[29.003998,-13.416],[29.011995,-13.417999],[29.019988,-13.417999],[29.028988,-13.411999],[29.038988,-13.402999],[29.053988,-13.395999],[29.071987,-13.387999],[29.081987,-13.381999],[29.086987,-13.376999],[29.101987,-13.371999],[29.109987,-13.368999],[29.109998,-13.369],[29.121998,-13.37],[29.132998,-13.374],[29.142998,-13.381],[29.159998,-13.401],[29.169998,-13.416],[29.175998,-13.43],[29.179998,-13.441],[29.182993,-13.442997],[29.190986,-13.439999],[29.210986,-13.416999],[29.220986,-13.411999],[29.233986,-13.406999],[29.247986,-13.392999],[29.260986,-13.386999],[29.280985,-13.380999],[29.290985,-13.378999],[29.298985,-13.374999],[29.306985,-13.367999],[29.309985,-13.360999],[29.310985,-13.339999],[29.315985,-13.331999],[29.315996,-13.332004],[29.322998,-13.335],[29.328998,-13.339],[29.335998,-13.345],[29.342996,-13.347999],[29.348985,-13.347999],[29.354985,-13.343999],[29.357985,-13.332999],[29.364985,-13.326999],[29.372985,-13.324999],[29.372998,-13.325],[29.38499,-13.327998],[29.389985,-13.326999],[29.399984,-13.322999],[29.405984,-13.321999],[29.408984,-13.319999],[29.425984,-13.316999],[29.441984,-13.313999],[29.446984,-13.310999],[29.451984,-13.303999],[29.465984,-13.288999],[29.471984,-13.282999],[29.475984,-13.273999],[29.482983,-13.272999],[29.490983,-13.270999],[29.494984,-13.265999],[29.497983,-13.255999],[29.502983,-13.245999],[29.502997,-13.245992],[29.515983,-13.238999],[29.527983,-13.227999],[29.536983,-13.224999],[29.559983,-13.227998],[29.566983,-13.223999],[29.575983,-13.214999],[29.580982,-13.212999],[29.58899,-13.213999],[29.60299,-13.221999],[29.60799,-13.226999],[29.61999,-13.232999],[29.63499,-13.237999],[29.642984,-13.239998],[29.654982,-13.233999],[29.664982,-13.226999],[29.669982,-13.225999],[29.67499,-13.229999],[29.677989,-13.235999],[29.67399,-13.247999],[29.675989,-13.253999],[29.680989,-13.258999],[29.681989,-13.264999],[29.680989,-13.267999],[29.67499,-13.272999],[29.65999,-13.280999],[29.653989,-13.288999],[29.653989,-13.297999],[29.662989,-13.309999],[29.662989,-13.319999],[29.657989,-13.338999],[29.65199,-13.349999],[29.64599,-13.354999],[29.62699,-13.356999],[29.60899,-13.359999],[29.60499,-13.362999],[29.60499,-13.369999],[29.61199,-13.376999],[29.61399,-13.381999],[29.60799,-13.393999],[29.60799,-13.401999],[29.61099,-13.408999],[29.62399,-13.416999],[29.64599,-13.436999],[29.653982,-13.437998],[29.667982,-13.429999],[29.673982,-13.428999],[29.679989,-13.430999],[29.69299,-13.442999],[29.700989,-13.450999],[29.711987,-13.455998],[29.721981,-13.454999],[29.738981,-13.449999],[29.764981,-13.436999],[29.77698,-13.436999],[29.778989,-13.437999],[29.784989,-13.438999],[29.803989,-13.452999],[29.80898,-13.454996],[29.80998,-13.415999],[29.80998,-13.312999],[29.80998,-13.261999],[29.81098,-13.244999],[29.80998,-13.242999],[29.80898,-13.174999],[29.80998,-13.146999],[29.80898,-13.122999],[29.80998,-13.081999],[29.80998,-13.002999],[29.80998,-12.993999],[29.80898,-12.980999],[29.80998,-12.956999],[29.80898,-12.934999],[29.80898,-12.866999],[29.80998,-12.833999],[29.80898,-12.815999],[29.80898,-12.809999],[29.80998,-12.787999],[29.80898,-12.697999],[29.80898,-12.670999],[29.80998,-12.653999],[29.80898,-12.619999],[29.80998,-12.546999],[29.80998,-12.510999],[29.80998,-12.440999],[29.80998,-12.413999],[29.809979,-12.321999],[29.809979,-12.269999],[29.809979,-12.239999],[29.809979,-12.219999],[29.809979,-12.188999],[29.809979,-12.160999],[29.808979,-12.159999],[29.806979,-12.155999],[29.801988,-12.155999],[29.793988,-12.159999],[29.788264,-12.160572],[29.783979,-12.160999],[29.774985,-12.159999],[29.767115,-12.159999],[29.761988,-12.159999],[29.755989,-12.163999],[29.738988,-12.174999],[29.722989,-12.188999],[29.722989,-12.189999],[29.709989,-12.195999],[29.684989,-12.202999],[29.666989,-12.206999],[29.657221,-12.207464],[29.645981,-12.207999],[29.632981,-12.206999],[29.595982,-12.192999],[29.587987,-12.192],[29.57499,-12.192999],[29.573502,-12.194041],[29.56499,-12.199999],[29.55899,-12.204999],[29.554165,-12.207793],[29.53999,-12.215999],[29.53899,-12.215999],[29.51299,-12.222999],[29.512661,-12.223187],[29.50599,-12.226999],[29.48899,-12.238999],[29.48799,-12.241999],[29.48499,-12.242999],[29.47999,-12.248999],[29.475365,-12.258251],[29.467991,-12.272999],[29.464033,-12.289819],[29.46399,-12.289999],[29.462808,-12.295026],[29.45999,-12.306999],[29.45599,-12.321999],[29.45599,-12.33163],[29.45599,-12.332999],[29.458991,-12.340999],[29.46499,-12.348999],[29.476227,-12.369367],[29.47995,-12.376113],[29.48099,-12.377999],[29.48691,-12.384314],[29.49599,-12.393999],[29.49999,-12.396999],[29.527982,-12.397999],[29.528935,-12.398629],[29.53399,-12.401999],[29.53699,-12.406999],[29.53699,-12.421999],[29.53599,-12.428999],[29.52699,-12.443999],[29.51599,-12.455999],[29.500053,-12.469124],[29.49899,-12.469999],[29.497638,-12.469999],[29.48899,-12.469999],[29.482983,-12.471999],[29.474983,-12.470999],[29.462983,-12.463999],[29.444984,-12.453999],[29.412993,-12.439003],[29.412984,-12.438999],[29.403984,-12.432999],[29.377984,-12.416999],[29.365984,-12.412999],[29.354997,-12.412],[29.332998,-12.418],[29.330498,-12.417868],[29.313997,-12.417],[29.313985,-12.416999],[29.301985,-12.412999],[29.295985,-12.408999],[29.294985,-12.402999],[29.296985,-12.395999],[29.295985,-12.388999],[29.283985,-12.378999],[29.274985,-12.369999],[29.266989,-12.364002],[29.2579,-12.365819],[29.256998,-12.366],[29.242998,-12.374],[29.232998,-12.375],[29.232986,-12.374999],[29.212988,-12.371999],[29.201956,-12.371498],[29.190998,-12.371],[29.179993,-12.373063],[29.174998,-12.374],[29.168998,-12.378],[29.158419,-12.383696],[29.155998,-12.385],[29.151192,-12.386442],[29.145998,-12.388],[29.128998,-12.395],[29.128986,-12.394999],[29.119998,-12.394],[29.119986,-12.393999],[29.113986,-12.384999],[29.106988,-12.379],[29.102998,-12.379],[29.097998,-12.382],[29.097987,-12.381999],[29.080916,-12.378318],[29.071149,-12.385312],[29.065998,-12.389],[29.058998,-12.389],[29.058987,-12.388999],[29.046987,-12.384999],[29.035987,-12.374999],[29.029987,-12.364999],[29.027987,-12.355999],[29.023987,-12.348999],[29.014987,-12.336999],[29.007987,-12.325999],[29.004987,-12.322999],[29.003987,-12.317999],[29.001987,-12.302999],[28.998987,-12.286999],[28.983987,-12.268999],[28.961988,-12.231999],[28.946988,-12.211999],[28.934988,-12.198999],[28.910988,-12.178999],[28.881988,-12.155999],[28.867988,-12.148999],[28.855989,-12.137999],[28.846989,-12.127999],[28.837989,-12.109999],[28.831989,-12.100999],[28.81925,-12.080506],[28.785989,-12.061999],[28.777989,-12.054999],[28.773989,-12.045999],[28.770989,-12.031999],[28.763989,-12.016999],[28.763989,-12.005999],[28.763989,-11.994999],[28.758989,-11.989999],[28.748992,-11.984001],[28.747066,-11.984241],[28.740998,-11.985],[28.730998,-11.99],[28.729894,-11.99011],[28.720989,-11.990999],[28.713989,-11.989999],[28.70113,-11.977481],[28.67599,-11.969999],[28.66499,-11.961999],[28.65599,-11.956999],[28.63999,-11.951999],[28.63299,-11.945999],[28.62899,-11.939999],[28.61799,-11.916999],[28.61499,-11.912999],[28.61099,-11.910999],[28.598998,-11.91],[28.58399,-11.911999],[28.57699,-11.910999],[28.56999,-11.904999],[28.56399,-11.900999],[28.54599,-11.899999],[28.53699,-11.896999],[28.521991,-11.887999],[28.509657,-11.883527],[28.505633,-11.88108],[28.505575,-11.880243],[28.504618,-11.866607],[28.500847,-11.854262],[28.496201,-11.845579],[28.490866,-11.835605],[28.489421,-11.833968],[28.48889,-11.833366],[28.484881,-11.828828],[28.481835,-11.826988],[28.478255,-11.824826],[28.470796,-11.82521],[28.465127,-11.82815],[28.463078,-11.829213],[28.460631,-11.830483],[28.454565,-11.832399],[28.449727,-11.833928],[28.44505,-11.834023],[28.442265,-11.831965],[28.441962,-11.831741],[28.438101,-11.828887],[28.436268,-11.827533],[28.4338,-11.821372],[28.436577,-11.807208],[28.438011,-11.79989],[28.440653,-11.79623],[28.441082,-11.795637],[28.450487,-11.782608],[28.45088,-11.779149],[28.450445,-11.769726],[28.444294,-11.758974],[28.443455,-11.757507],[28.438486,-11.748824],[28.435251,-11.74317],[28.432862,-11.738992],[28.432493,-11.738347],[28.427727,-11.733844],[28.41947,-11.729874],[28.415024,-11.724554],[28.426966,-11.720057],[28.431788,-11.716276],[28.435307,-11.706081],[28.434046,-11.701653],[28.433947,-11.701305],[28.433287,-11.698991],[28.423511,-11.688216],[28.423243,-11.68792],[28.419039,-11.676739],[28.421715,-11.670932],[28.431626,-11.664976],[28.433623,-11.660104],[28.431879,-11.644035],[28.427279,-11.636308],[28.425608,-11.634934],[28.421566,-11.632187],[28.419503,-11.630784],[28.418587,-11.630374],[28.404612,-11.624121],[28.402455,-11.621403],[28.400341,-11.613051],[28.399907,-11.611334],[28.398842,-11.605145],[28.389943,-11.598957],[28.385341,-11.595757],[28.384432,-11.590311],[28.3832,-11.582918],[28.383862,-11.561213],[28.384924,-11.556252],[28.386947,-11.543259],[28.393101,-11.532563],[28.389814,-11.525217],[28.389662,-11.52488],[28.389427,-11.524356],[28.390264,-11.519738],[28.395484,-11.513721],[28.396078,-11.511831],[28.398162,-11.507154],[28.398078,-11.506738],[28.397925,-11.505979],[28.395813,-11.495468],[28.395251,-11.482836],[28.397721,-11.475414],[28.401341,-11.470049],[28.411711,-11.464085],[28.413216,-11.458072],[28.421122,-11.445947],[28.423651,-11.433241],[28.433045,-11.414413],[28.43248,-11.409823],[28.426119,-11.395921],[28.425789,-11.391326],[28.428002,-11.38576],[28.430508,-11.382948],[28.433505,-11.381624],[28.436514,-11.380294],[28.448483,-11.378942],[28.449287,-11.378851],[28.449726,-11.378801],[28.453961,-11.378323],[28.456927,-11.37527],[28.458128,-11.371102],[28.458662,-11.369254],[28.454678,-11.357372],[28.458864,-11.346012],[28.45784,-11.341662],[28.451126,-11.333059],[28.450196,-11.329559],[28.449604,-11.32734],[28.455334,-11.311808],[28.453264,-11.303841],[28.45254,-11.301054],[28.454092,-11.29734],[28.454975,-11.296582],[28.458212,-11.293804],[28.468817,-11.288293],[28.472914,-11.283607],[28.475403,-11.269292],[28.486895,-11.250878],[28.489716,-11.241158],[28.490029,-11.234019],[28.486141,-11.226739],[28.484585,-11.21941],[28.484061,-11.21666],[28.486227,-11.209023],[28.486278,-11.204111],[28.486302,-11.201661],[28.493227,-11.192656],[28.493633,-11.192072],[28.49898,-11.184372],[28.499058,-11.166427],[28.501105,-11.153271],[28.500069,-11.148461],[28.498528,-11.141823],[28.493672,-11.132722],[28.480755,-11.117118],[28.478482,-11.108884],[28.479706,-11.100806],[28.491839,-11.086454],[28.493563,-11.084414],[28.494456,-11.071743],[28.498389,-11.059698],[28.49666,-11.051417],[28.497429,-11.050258],[28.498774,-11.045198],[28.504309,-11.037892],[28.508513,-11.032342],[28.511853,-11.025371],[28.512565,-11.015235],[28.510098,-10.976409],[28.513698,-10.970582],[28.523562,-10.963705],[28.540667,-10.947243],[28.543094,-10.927407],[28.545219,-10.899529],[28.543937,-10.879043],[28.543435,-10.871042],[28.544753,-10.866678],[28.547561,-10.857383],[28.557531,-10.834169],[28.563888,-10.826904],[28.565948,-10.825251],[28.58126,-10.812505],[28.581914,-10.81042],[28.583022,-10.797285],[28.585717,-10.792856],[28.601474,-10.779181],[28.608918,-10.75786],[28.620019,-10.741443],[28.630161,-10.733868],[28.64324,-10.730168],[28.661214,-10.730651],[28.662069,-10.719009],[28.665059,-10.716659],[28.666229,-10.713929],[28.667529,-10.710889],[28.667739,-10.694539],[28.668819,-10.692919],[28.672299,-10.687639],[28.672969,-10.686639],[28.677369,-10.685649],[28.681809,-10.683499],[28.688679,-10.680189],[28.689359,-10.679259],[28.692549,-10.674839],[28.694409,-10.669469],[28.696779,-10.662589],[28.693269,-10.646539],[28.687089,-10.637659],[28.676759,-10.631389],[28.667789,-10.623219],[28.665869,-10.619119],[28.663859,-10.609949],[28.665019,-10.594529],[28.670289,-10.576599],[28.672519,-10.569029],[28.672969,-10.567489],[28.671229,-10.560619],[28.664319,-10.549909],[28.643409,-10.535509],[28.636559,-10.528709],[28.634079,-10.518399],[28.633989,-10.512879],[28.634339,-10.511369],[28.637149,-10.499389],[28.639439,-10.489569],[28.636509,-10.480189],[28.636149,-10.472139],[28.643009,-10.449729],[28.638529,-10.423009],[28.621649,-10.375759],[28.623919,-10.357329],[28.631299,-10.338359],[28.636025,-10.313238],[28.630399,-10.296049],[28.615339,-10.285919],[28.613719,-10.284839],[28.611289,-10.283069],[28.606399,-10.270909],[28.597989,-10.256989],[28.589029,-10.248379],[28.584709,-10.243579],[28.583849,-10.242619],[28.58005,-10.238399],[28.57968,-10.237409],[28.578679,-10.236159],[28.578139,-10.233279],[28.577149,-10.230619],[28.57735,-10.229069],[28.57798,-10.224169],[28.5786,-10.222359],[28.582199,-10.211919],[28.58995,-10.202369],[28.598889,-10.194649],[28.607299,-10.183019],[28.608729,-10.170579],[28.616809,-10.164489],[28.621759,-10.157049],[28.621769,-10.138119],[28.639302,-10.090644],[28.639992,-10.066188],[28.653754,-10.042587],[28.660014,-10.009599],[28.659388,-9.991345],[28.667916,-9.970722],[28.678752,-9.937031],[28.687303,-9.901075],[28.686033,-9.876297],[28.681179,-9.844373],[28.682828,-9.834897],[28.682839,-9.827394],[28.694138,-9.813559],[28.697039,-9.806159],[28.695548,-9.800199],[28.694188,-9.798289],[28.689368,-9.793189],[28.674844,-9.710979],[28.664745,-9.689206],[28.657311,-9.633786],[28.658029,-9.591014],[28.631345,-9.514205],[28.58474,-9.427113],[28.583735,-9.424963],[28.581086,-9.419356],[28.581105,-9.419337],[28.579762,-9.416464],[28.579728,-9.416481],[28.578704,-9.414314],[28.575618,-9.407599],[28.570395,-9.403401],[28.566805,-9.400168],[28.56554,-9.399186],[28.550729,-9.387679],[28.48147,-9.242344],[28.494159,-9.224339],[28.559416,-9.16387],[28.651832,-9.084183],[28.78577,-8.944029],[28.829017,-8.878343],[28.879791,-8.813207],[28.933399,-8.724827],[28.945907,-8.635945],[28.934715,-8.560461],[28.899841,-8.505355],[28.897488,-8.490836],[28.909625,-8.483253],[28.911055,-8.483021],[28.914787,-8.482414],[28.964017,-8.474404],[29.004072,-8.471776],[29.046782,-8.468973],[29.087371,-8.465963],[29.144013,-8.461762],[29.362759,-8.43566],[29.501477,-8.419366],[29.625487,-8.4048],[29.626158,-8.402622],[29.628357,-8.395494],[29.628377,-8.395492],[29.622551,-8.380399],[29.61095,-8.371128],[29.605161,-8.371142],[29.59068,-8.36769],[29.57503,-8.359591],[29.562836,-8.345091],[29.556435,-8.331737],[29.553424,-8.310633],[29.55113,-8.294548],[29.538936,-8.280044],[29.534246,-8.256801],[29.528408,-8.23763],[29.519122,-8.22835],[29.520234,-8.210323],[29.520174,-8.187064],[29.526457,-8.153903],[29.531664,-8.152728],[29.540975,-8.171895],[29.543313,-8.180612],[29.560103,-8.181733],[29.579187,-8.174127],[29.583224,-8.168303],[29.572706,-8.129947],[29.574939,-8.11924],[29.583015,-8.110542],[29.592682,-8.110072],[29.608415,-8.103478],[29.613831,-8.103225],[29.619003,-8.102983],[29.629408,-8.095374],[29.635845,-8.094752],[29.636882,-8.093974],[29.63901,-8.092377],[29.645584,-8.079124],[29.64991,-8.059038],[29.648571,-8.051724],[29.651514,-8.045195],[29.656419,-8.034308],[29.660211,-8.020436],[29.664439,-8.013602],[29.666847,-8.009708],[29.66757,-8.001884],[29.667259,-8.0],[29.668277,-7.996757],[29.668592,-7.99575],[29.665785,-7.98877],[29.662975,-7.981784],[29.665922,-7.974422],[29.665899,-7.970749],[29.662386,-7.961589],[29.660679,-7.946681],[29.656727,-7.940966],[29.65728,-7.939705],[29.657634,-7.938895],[29.662681,-7.935881],[29.662216,-7.932529],[29.660181,-7.929043],[29.652371,-7.930808],[29.642836,-7.937522],[29.635829,-7.939851],[29.631262,-7.938714],[29.626042,-7.934654],[29.623958,-7.911967],[29.601859,-7.872451],[29.587907,-7.849207],[29.582593,-7.835125],[29.580735,-7.834464],[29.580053,-7.834222],[29.576343,-7.830112],[29.573855,-7.824709],[29.573074,-7.823014],[29.566841,-7.820296],[29.560924,-7.831809],[29.557264,-7.835194],[29.555429,-7.836891],[29.536592,-7.844117],[29.534101,-7.851018],[29.52772,-7.856579],[29.524023,-7.8598],[29.521309,-7.86762],[29.520157,-7.868781],[29.517873,-7.871083],[29.508954,-7.873988],[29.503747,-7.875455],[29.497521,-7.874016],[29.49375,-7.870824],[29.48576,-7.858769],[29.484285,-7.84786],[29.48513,-7.838983],[29.485256,-7.831708],[29.485535,-7.827633],[29.483616,-7.812797],[29.481293,-7.809747],[29.474195,-7.80729],[29.453709,-7.814447],[29.454847,-7.807859],[29.463508,-7.793346],[29.457941,-7.78649],[29.452888,-7.788585],[29.448741,-7.78815],[29.44701,-7.787015],[29.446659,-7.786785],[29.443465,-7.780717],[29.443165,-7.780148],[29.438225,-7.763187],[29.437988,-7.759155],[29.437711,-7.754466],[29.438261,-7.753291],[29.439759,-7.750092],[29.443428,-7.747545],[29.444032,-7.74525],[29.445001,-7.741567],[29.44376,-7.737182],[29.443119,-7.734921],[29.44026,-7.73151],[29.438713,-7.729665],[29.437116,-7.729475],[29.435026,-7.729226],[29.434001,-7.730306],[29.429764,-7.734767],[29.423557,-7.736639],[29.41962,-7.732758],[29.418572,-7.732669],[29.417085,-7.732542],[29.402819,-7.738926],[29.365089,-7.755317],[29.359306,-7.757369],[29.347418,-7.75363],[29.337725,-7.750582],[29.326555,-7.740131],[29.315253,-7.734774],[29.30729,-7.733484],[29.304684,-7.732908],[29.286876,-7.729895],[29.273702,-7.728181],[29.262996,-7.729226],[29.245526,-7.745277],[29.23296,-7.754913],[29.225885,-7.761479],[29.213761,-7.774023],[29.20669,-7.781899],[29.17135,-7.77078],[29.160904,-7.760328],[29.147957,-7.739763],[29.146035,-7.73994],[29.142664,-7.740251],[29.133047,-7.749715],[29.122913,-7.74908],[29.122693,-7.752801],[29.122492,-7.756199],[29.120655,-7.755948],[29.117653,-7.755537],[29.113941,-7.750735],[29.110948,-7.75098],[29.108915,-7.757649],[29.104555,-7.760197],[29.098329,-7.758623],[29.097793,-7.759163],[29.096725,-7.760239],[29.096521,-7.761129],[29.094928,-7.768054],[29.102304,-7.769393],[29.104864,-7.770905],[29.10577,-7.77144],[29.107077,-7.774009],[29.107866,-7.775562],[29.11189,-7.779349],[29.11296,-7.780356],[29.112299,-7.785869],[29.109338,-7.791209],[29.109108,-7.791624],[29.098333,-7.799946],[29.095838,-7.806847],[29.098347,-7.808576],[29.100464,-7.810035],[29.101902,-7.813798],[29.102565,-7.815534],[29.102739,-7.815631],[29.104183,-7.816444],[29.104869,-7.816279],[29.105552,-7.816115],[29.105777,-7.816061],[29.108093,-7.815506],[29.10925,-7.816503],[29.109945,-7.817102],[29.109278,-7.821467],[29.111115,-7.821732],[29.113887,-7.822132],[29.114828,-7.825341],[29.114593,-7.825782],[29.113232,-7.828333],[29.113555,-7.828612],[29.116935,-7.831528],[29.116409,-7.831844],[29.108444,-7.836623],[29.107117,-7.839608],[29.106397,-7.841225],[29.10677,-7.843145],[29.10711,-7.844894],[29.110383,-7.843604],[29.111244,-7.843265],[29.113104,-7.84624],[29.111521,-7.846806],[29.109198,-7.847637],[29.108995,-7.852689],[29.111301,-7.853365],[29.112753,-7.865294],[29.108649,-7.869148],[29.096785,-7.870632],[29.089401,-7.869049],[29.079995,-7.869654],[29.070163,-7.873024],[29.054273,-7.884265],[29.039677,-7.892302],[29.024485,-7.893649],[29.020423,-7.889731],[29.025897,-7.880116],[29.027759,-7.872546],[29.0169,-7.870245],[29.002285,-7.871008],[28.995708,-7.871427],[28.97378,-7.872824],[28.967556,-7.872257],[28.96205,-7.869797],[28.958128,-7.863987],[28.954942,-7.860641],[28.949421,-7.854843],[28.944343,-7.849618],[28.937532,-7.846288],[28.914767,-7.828884],[28.909398,-7.823368],[28.903277,-7.822541],[28.903267,-7.822991],[28.90303,-7.824081],[28.90215,-7.8251],[28.902293,-7.826072],[28.90227,-7.826234],[28.902127,-7.827233],[28.902554,-7.828608],[28.902763,-7.828998],[28.903481,-7.830338],[28.904408,-7.831215],[28.905075,-7.83182],[28.906418,-7.834031],[28.90819,-7.835342],[28.907277,-7.836573],[28.906767,-7.838259],[28.905238,-7.839784],[28.905077,-7.840533],[28.905613,-7.842139],[28.904862,-7.843316],[28.904513,-7.84527],[28.90403,-7.846902],[28.901856,-7.84717],[28.900434,-7.847625],[28.898851,-7.848508],[28.898985,-7.850729],[28.898609,-7.851773],[28.897563,-7.851211],[28.896838,-7.851746],[28.896382,-7.852789],[28.896409,-7.855118],[28.895899,-7.857793],[28.894396,-7.858222],[28.892706,-7.858329],[28.890693,-7.858837],[28.889915,-7.8598],[28.889673,-7.861379],[28.88911,-7.863252],[28.888098,-7.864853],[28.887419,-7.865928],[28.88764,-7.866225],[28.888278,-7.867079],[28.888412,-7.868845],[28.88919,-7.869755],[28.889378,-7.871547],[28.88809,-7.873394],[28.887151,-7.873956],[28.885863,-7.87425],[28.88436,-7.874973],[28.883582,-7.875775],[28.883555,-7.876605],[28.884601,-7.877327],[28.884306,-7.878531],[28.882776,-7.879334],[28.882776,-7.881608],[28.882857,-7.882545],[28.882991,-7.883562],[28.882374,-7.884391],[28.883098,-7.885676],[28.883152,-7.887549],[28.882642,-7.88886],[28.881891,-7.889743],[28.881059,-7.891562],[28.881381,-7.892418],[28.881623,-7.893221],[28.880603,-7.8948],[28.879261,-7.896031],[28.878268,-7.896593],[28.877785,-7.899054],[28.877195,-7.900553],[28.876449,-7.900553],[28.876175,-7.900553],[28.875638,-7.901542],[28.875784,-7.902237],[28.87588,-7.902693],[28.876819,-7.903442],[28.876121,-7.904753],[28.875397,-7.905422],[28.874381,-7.905789],[28.874135,-7.905877],[28.873894,-7.906546],[28.873986,-7.906787],[28.874538,-7.908232],[28.875021,-7.909516],[28.874699,-7.910292],[28.875182,-7.912432],[28.875343,-7.913904],[28.874431,-7.915188],[28.873706,-7.915884],[28.873338,-7.916382],[28.87266,-7.917302],[28.872579,-7.918265],[28.874028,-7.918987],[28.874324,-7.918992],[28.875558,-7.919014],[28.877087,-7.919817],[28.877973,-7.920405],[28.878402,-7.921422],[28.877248,-7.921823],[28.876309,-7.922626],[28.875128,-7.922599],[28.873948,-7.922358],[28.87325,-7.92375],[28.872606,-7.925007],[28.870164,-7.925676],[28.869117,-7.925596],[28.868715,-7.923616],[28.868017,-7.923455],[28.866702,-7.924285],[28.866452,-7.924742],[28.866219,-7.925168],[28.866165,-7.926318],[28.866622,-7.927281],[28.867854,-7.928147],[28.868527,-7.928619],[28.870405,-7.929582],[28.87003,-7.930759],[28.86842,-7.931803],[28.867024,-7.932579],[28.866273,-7.933569],[28.865494,-7.933569],[28.865011,-7.931883],[28.864421,-7.930599],[28.863428,-7.930786],[28.862435,-7.931509],[28.861603,-7.932498],[28.86112,-7.933381],[28.86112,-7.935682],[28.860584,-7.936512],[28.859537,-7.93694],[28.85952,-7.936958],[28.858947,-7.937555],[28.859805,-7.938598],[28.860639,-7.938795],[28.862373,-7.941641],[28.859388,-7.943033],[28.85872,-7.947627],[28.854027,-7.958361],[28.842624,-7.970316],[28.83005,-7.976456],[28.80704,-7.976657],[28.790545,-7.978007],[28.779107,-7.975708],[28.770988,-7.9702],[28.765148,-7.950142],[28.758431,-7.926594],[28.747404,-7.915566],[28.726276,-7.915908],[28.720772,-7.913885],[28.712363,-7.908087],[28.708438,-7.90376],[28.704941,-7.899904],[28.690906,-7.89301],[28.678756,-7.895659],[28.670964,-7.893224],[28.65645,-7.892604],[28.658451,-7.87796],[28.671447,-7.866871],[28.682417,-7.855787],[28.687311,-7.845591],[28.685549,-7.83541],[28.668453,-7.828177],[28.658607,-7.826165],[28.648714,-7.820792],[28.650963,-7.810451],[28.644623,-7.790404],[28.637922,-7.77325],[28.628913,-7.759011],[28.622807,-7.747966],[28.623036,-7.724389],[28.629069,-7.706618],[28.629911,-7.696428],[28.63282,-7.684726],[28.625836,-7.680131],[28.618959,-7.675607],[28.612732,-7.67334],[28.609907,-7.661185],[28.603418,-7.652949],[28.599956,-7.651358],[28.595814,-7.651837],[28.59492,-7.651131],[28.592348,-7.649097],[28.581517,-7.642674],[28.580568,-7.642111],[28.571012,-7.640388],[28.562316,-7.63546],[28.548101,-7.622685],[28.533347,-7.625341],[28.522247,-7.62715],[28.522029,-7.629447],[28.520055,-7.631433],[28.519737,-7.631753],[28.509028,-7.629271],[28.506139,-7.628601],[28.503964,-7.629481],[28.501543,-7.630459],[28.494438,-7.636024],[28.493288,-7.636925],[28.485691,-7.637189],[28.480642,-7.640427],[28.479279,-7.643877],[28.480447,-7.647546],[28.477827,-7.650467],[28.474035,-7.654693],[28.471508,-7.655623],[28.470705,-7.657856],[28.470598,-7.658152],[28.473154,-7.661479],[28.475696,-7.664788],[28.474997,-7.665807],[28.47364,-7.667782],[28.470787,-7.667991],[28.466964,-7.668271],[28.463651,-7.674443],[28.461033,-7.679319],[28.441515,-7.68805],[28.428826,-7.686245],[28.422779,-7.686252],[28.413098,-7.687477],[28.407017,-7.694159],[28.397201,-7.722083],[28.377746,-7.742735],[28.36801,-7.754881],[28.355812,-7.775523],[28.360594,-7.786438],[28.365726,-7.787948],[28.371588,-7.788085],[28.378121,-7.788237],[28.386872,-7.791563],[28.40467,-7.799429],[28.417036,-7.80548],[28.425173,-7.810627],[28.431987,-7.83822],[28.444345,-7.845788],[28.470881,-7.859707],[28.483857,-7.864545],[28.5038,-7.866947],[28.512842,-7.872396],[28.526098,-7.881781],[28.529979,-7.891481],[28.527821,-7.900315],[28.526744,-7.904726],[28.526274,-7.906648],[28.515264,-7.931526],[28.503044,-7.956404],[28.495082,-7.976425],[28.479799,-8.009186],[28.456127,-8.026797],[28.439727,-8.041368],[28.429413,-8.048049],[28.429331,-8.064418],[28.4262,-8.08564],[28.426123,-8.100796],[28.430847,-8.123219],[28.438036,-8.136546],[28.439975,-8.150654],[28.440369,-8.153514],[28.432437,-8.167464],[28.422121,-8.174749],[28.40817,-8.183251],[28.39176,-8.199634],[28.356535,-8.229976],[28.338317,-8.245147],[28.327642,-8.255047],[28.312801,-8.26881],[28.303067,-8.280334],[28.289752,-8.282773],[28.27221,-8.284006],[28.263759,-8.280986],[28.262618,-8.267657],[28.262084,-8.253721],[28.238041,-8.249891],[28.231874,-8.248909],[28.219752,-8.254377],[28.203324,-8.274392],[28.185865,-8.278784],[28.183902,-8.280964],[28.182708,-8.282291],[28.17494,-8.297142],[28.164558,-8.30837],[28.161268,-8.316702],[28.131655,-8.336882],[28.115322,-8.338113],[28.108048,-8.341757],[28.101939,-8.35388],[28.097679,-8.359337],[28.094655,-8.359341],[28.083789,-8.355719],[28.066315,-8.343623],[28.062665,-8.347868],[28.072862,-8.364213],[28.089311,-8.403917],[28.081413,-8.405999],[28.075923,-8.408984],[28.070459,-8.411955],[28.066221,-8.412158],[28.062393,-8.412342],[28.05538,-8.407655],[28.043132,-8.406516],[28.038809,-8.404392],[28.03009,-8.400108],[28.020815,-8.385819],[28.007279,-8.375911],[28.005838,-8.374856],[28.004266,-8.374426],[27.995636,-8.372068],[27.990633,-8.363896],[27.987073,-8.362273],[27.984348,-8.361032],[27.985534,-8.35085],[27.985929,-8.347452],[27.981369,-8.326413],[27.977253,-8.316388],[27.979347,-8.313299],[27.985769,-8.303824],[27.986926,-8.300056],[27.989456,-8.291814],[27.988657,-8.286318],[27.990813,-8.278699],[27.989729,-8.274895],[27.989576,-8.27436],[27.988527,-8.272886],[27.985546,-8.268697],[27.986004,-8.259035],[27.986036,-8.258355],[27.983667,-8.243245],[27.984653,-8.241182],[27.988096,-8.233976],[27.98587,-8.228595],[27.981035,-8.227995],[27.971894,-8.241943],[27.97182,-8.256487],[27.968152,-8.264368],[27.960252,-8.272255],[27.915554,-8.262613],[27.910716,-8.262618],[27.904682,-8.260202],[27.90048,-8.254147],[27.898104,-8.245666],[27.890261,-8.24204],[27.889027,-8.246889],[27.881151,-8.249928],[27.877187,-8.250654],[27.874493,-8.251148],[27.862418,-8.247526],[27.851549,-8.244509],[27.833885,-8.24631],[27.832489,-8.233479],[27.836988,-8.227655],[27.840275,-8.206469],[27.839894,-8.203374],[27.839456,-8.199826],[27.840717,-8.181206],[27.833956,-8.183168],[27.827194,-8.185131],[27.818674,-8.197688],[27.807308,-8.206165],[27.801986,-8.217284],[27.795978,-8.222911],[27.78998,-8.228529],[27.787286,-8.232367],[27.784591,-8.236205],[27.776582,-8.263907],[27.773689,-8.269471],[27.763694,-8.279152],[27.75156,-8.287043],[27.743727,-8.281599],[27.752911,-8.259169],[27.760864,-8.24098],[27.757877,-8.233712],[27.747591,-8.234936],[27.735443,-8.245858],[27.721522,-8.248299],[27.730673,-8.232532],[27.751959,-8.208267],[27.79012,-8.177971],[27.793244,-8.175491],[27.819316,-8.16152],[27.837543,-8.144527],[27.822224,-8.151435],[27.807328,-8.15151],[27.789078,-8.154456],[27.763147,-8.160296],[27.736265,-8.169471],[27.698873,-8.199637],[27.696444,-8.190608],[27.696893,-8.179661],[27.702582,-8.153458],[27.699208,-8.149668],[27.693447,-8.1516],[27.681932,-8.157368],[27.674698,-8.148362],[27.681392,-8.136907],[27.681853,-8.130241],[27.673166,-8.117434],[27.658234,-8.105133],[27.650055,-8.101366],[27.644272,-8.095683],[27.642793,-8.082839],[27.641333,-8.076658],[27.635085,-8.076213],[27.61828,-8.080581],[27.607227,-8.08016],[27.590912,-8.087857],[27.5712,-8.084147],[27.559661,-8.081825],[27.533286,-8.100043],[27.514087,-8.107278],[27.505916,-8.106367],[27.50157,-8.099249],[27.484066,-8.109353],[27.475136,-8.125578],[27.471555,-8.128913],[27.465841,-8.134234],[27.455518,-8.136938],[27.449451,-8.139916],[27.440579,-8.14427],[27.43176,-8.148598],[27.427038,-8.149254],[27.422332,-8.149907],[27.40496,-8.162375],[27.389559,-8.173427],[27.3811,-8.176966],[27.378118,-8.178214],[27.366037,-8.185995],[27.341612,-8.186179],[27.338634,-8.184331],[27.33765,-8.183721],[27.337162,-8.182651],[27.335256,-8.178481],[27.331976,-8.175322],[27.331528,-8.175123],[27.325474,-8.172446],[27.317426,-8.1735],[27.316378,-8.172629],[27.310648,-8.167874],[27.308374,-8.167411],[27.306484,-8.167026],[27.298456,-8.169227],[27.295354,-8.17269],[27.290313,-8.178316],[27.287475,-8.180229],[27.285072,-8.181848],[27.28232,-8.182582],[27.281375,-8.181941],[27.278356,-8.179894],[27.265171,-8.190674],[27.265938,-8.195023],[27.264506,-8.197052],[27.264135,-8.197578],[27.257662,-8.200881],[27.25111,-8.204223],[27.234076,-8.206236],[27.226268,-8.207159],[27.219381,-8.219628],[27.21508,-8.227738],[27.19497,-8.252104],[27.174089,-8.271383],[27.164179,-8.28555],[27.166252,-8.290784],[27.163739,-8.294845],[27.156209,-8.307009],[27.121267,-8.353325],[27.056165,-8.438307],[27.034614,-8.462667],[27.015465,-8.487014],[27.00546,-8.516543],[27.006469,-8.532941],[27.008466,-8.534731],[27.01201,-8.537906],[27.020907,-8.540476],[27.033889,-8.543264],[27.050238,-8.547462],[27.061763,-8.54479],[27.071844,-8.541412],[27.081716,-8.548732],[27.085578,-8.555131],[27.085114,-8.5606],[27.078876,-8.563721],[27.071679,-8.567323],[27.068071,-8.572773],[27.059597,-8.576812],[27.052528,-8.582206],[27.038883,-8.609065],[27.032245,-8.612615],[27.006349,-8.638747],[26.976299,-8.665402],[26.967828,-8.669896],[26.958318,-8.681759],[26.957002,-8.686143],[26.958101,-8.697152],[26.956114,-8.702926],[26.941995,-8.715549],[26.923149,-8.721122],[26.906561,-8.738374],[26.894649,-8.744529],[26.886253,-8.754074],[26.875004,-8.75838],[26.863405,-8.770042],[26.856069,-8.773599],[26.849722,-8.781275],[26.84256,-8.781154],[26.834152,-8.775077],[26.831705,-8.766154],[26.827536,-8.765299],[26.826107,-8.762564],[26.824404,-8.741685],[26.826357,-8.733616],[26.830444,-8.72896],[26.828292,-8.724169],[26.835915,-8.709353],[26.83526,-8.696729],[26.830789,-8.691283],[26.830713,-8.686232],[26.82304,-8.682671],[26.818012,-8.671032],[26.810861,-8.671369],[26.796865,-8.66193],[26.792288,-8.664525],[26.786035,-8.66324],[26.777904,-8.659914],[26.776452,-8.655342],[26.773199,-8.654012],[26.760442,-8.665456],[26.753116,-8.669469],[26.757536,-8.671701],[26.76057,-8.673953],[26.764595,-8.680554],[26.770397,-8.682536],[26.760364,-8.690953],[26.75736,-8.690768],[26.755253,-8.688732],[26.751159,-8.677537],[26.732135,-8.671385],[26.730646,-8.679906],[26.727474,-8.683857],[26.719211,-8.687194],[26.716024,-8.690227],[26.71425,-8.695076],[26.718672,-8.712928],[26.722471,-8.719994],[26.720964,-8.727366],[26.721563,-8.736546],[26.71496,-8.742844],[26.715446,-8.744446],[26.719867,-8.746677],[26.718778,-8.751059],[26.719726,-8.752653],[26.717886,-8.753139],[26.711099,-8.762656],[26.715467,-8.776835],[26.713554,-8.78789],[26.713617,-8.791755],[26.72632,-8.807],[26.728893,-8.809718],[26.730589,-8.814977],[26.72929,-8.82075],[26.72933,-8.823496],[26.732471,-8.832869],[26.73185,-8.83724],[26.720865,-8.844525],[26.70677,-8.859893],[26.691621,-8.866546],[26.680089,-8.899106],[26.677404,-8.951987],[26.6732,-8.964685],[26.677231,-8.97152],[26.678802,-8.984133],[26.677547,-8.993112],[26.674812,-8.995679],[26.673361,-9.006958],[26.67087,-9.010441],[26.660064,-9.014503],[26.653444,-9.020112],[26.646894,-9.030545],[26.641363,-9.031773],[26.63269,-9.03948],[26.629543,-9.045499],[26.624973,-9.049241],[26.622558,-9.058006],[26.616173,-9.064072],[26.610391,-9.063923],[26.607711,-9.070396],[26.602853,-9.070234],[26.597269,-9.067786],[26.588953,-9.068363],[26.587125,-9.069768],[26.58558,-9.074844],[26.581251,-9.079272],[26.572791,-9.085825],[26.56747,-9.08567],[26.561968,-9.088964],[26.553354,-9.101033],[26.547426,-9.10686],[26.548216,-9.113513],[26.544657,-9.123444],[26.540065,-9.125806],[26.536249,-9.133901],[26.526861,-9.140466],[26.52535,-9.148069],[26.512916,-9.151918],[26.501123,-9.152082],[26.497947,-9.156262],[26.49542,-9.17399],[26.493156,-9.177469],[26.482611,-9.184049],[26.482277,-9.193245],[26.478698,-9.202026],[26.473425,-9.205316],[26.469171,-9.215486],[26.464573,-9.217386],[26.466263,-9.22242],[26.470728,-9.227414],[26.475832,-9.228493],[26.477715,-9.230765],[26.469459,-9.235934],[26.477146,-9.239736],[26.48271,-9.240578],[26.485082,-9.244682],[26.488331,-9.245327],[26.493288,-9.252382],[26.494066,-9.258347],[26.498018,-9.259671],[26.499464,-9.263788],[26.502243,-9.26398],[26.501297,-9.278931],[26.496286,-9.284514],[26.498748,-9.295053],[26.490343,-9.322516],[26.483951,-9.32881],[26.485167,-9.33293],[26.478408,-9.345893],[26.477364,-9.353952],[26.474384,-9.35606],[26.473114,-9.364581],[26.468301,-9.367865],[26.465133,-9.373195],[26.465545,-9.386059],[26.473316,-9.395376],[26.477375,-9.404284],[26.482315,-9.42628],[26.475969,-9.436021],[26.479969,-9.440562],[26.477256,-9.445196],[26.469492,-9.452888],[26.462326,-9.453675],[26.458523,-9.46315],[26.451936,-9.472434],[26.447262,-9.485828],[26.436962,-9.494473],[26.431894,-9.496381],[26.43036,-9.497781],[26.427549,-9.500347],[26.423038,-9.508911],[26.410349,-9.518849],[26.406313,-9.522009],[26.400642,-9.53059],[26.395601,-9.534565],[26.385175,-9.551024],[26.370298,-9.564094],[26.366609,-9.565293],[26.336179,-9.59305],[26.32795,-9.606544],[26.32543,-9.610676],[26.324659,-9.611939],[26.323036,-9.6146],[26.321476,-9.619217],[26.32585,-9.624025],[26.328296,-9.626714],[26.332636,-9.641216],[26.337411,-9.64153],[26.34285,-9.643146],[26.346903,-9.646398],[26.350653,-9.646714],[26.35268,-9.64834],[26.352987,-9.650949],[26.352257,-9.65454],[26.345698,-9.660103],[26.341542,-9.664682],[26.337736,-9.668607],[26.334966,-9.67155],[26.330767,-9.679391],[26.330024,-9.683961],[26.330655,-9.687874],[26.330093,-9.691055],[26.332621,-9.694067],[26.334284,-9.697325],[26.336276,-9.701561],[26.337235,-9.706452],[26.339249,-9.709057],[26.339884,-9.712644],[26.340143,-9.717598],[26.340157,-9.717863],[26.338411,-9.720804],[26.331861,-9.725715],[26.327035,-9.729316],[26.321168,-9.734226],[26.312169,-9.743711],[26.305597,-9.750253],[26.297989,-9.757777],[26.292104,-9.763991],[26.288972,-9.768567],[26.286847,-9.774445],[26.285745,-9.78032],[26.2853,-9.788151],[26.285236,-9.793045],[26.280695,-9.800887],[26.278591,-9.805134],[26.275104,-9.810689],[26.270939,-9.81592],[26.267103,-9.822129],[26.266006,-9.827678],[26.266905,-9.837136],[26.266499,-9.842031],[26.267381,-9.844658],[26.269126,-9.849854],[26.269044,-9.856053],[26.270051,-9.857355],[26.269986,-9.862249],[26.269926,-9.866816],[26.271926,-9.8704],[26.273577,-9.874636],[26.275582,-9.877894],[26.279634,-9.881145],[26.282668,-9.884073],[26.286076,-9.88439],[26.291188,-9.885029],[26.295284,-9.885018],[26.299047,-9.884356],[26.30354,-9.880103],[26.30567,-9.873899],[26.307787,-9.868673],[26.308539,-9.863451],[26.310288,-9.860184],[26.316817,-9.856904],[26.326032,-9.85688],[26.341738,-9.856512],[26.347557,-9.855191],[26.355762,-9.854191],[26.360199,-9.854179],[26.361867,-9.857111],[26.36406,-9.859062],[26.366747,-9.862317],[26.368268,-9.863455],[26.371988,-9.866055],[26.375553,-9.867514],[26.378945,-9.869136],[26.385428,-9.869282],[26.389524,-9.869271],[26.394288,-9.870237],[26.400416,-9.871526],[26.403967,-9.873963],[26.404799,-9.875592],[26.40664,-9.87836],[26.409489,-9.882268],[26.412004,-9.885686],[26.415536,-9.889592],[26.419578,-9.893659],[26.422782,-9.896587],[26.425841,-9.897557],[26.430099,-9.898199],[26.432997,-9.898354],[26.437775,-9.898504],[26.443238,-9.898327],[26.450769,-9.896675],[26.45591,-9.895031],[26.461392,-9.893385],[26.467217,-9.891738],[26.471317,-9.891401],[26.479176,-9.890727],[26.483937,-9.89202],[26.487675,-9.893315],[26.49413,-9.895581],[26.49921,-9.898504],[26.504983,-9.900772],[26.508699,-9.903699],[26.514139,-9.905315],[26.518909,-9.905955],[26.526404,-9.906914],[26.532545,-9.907224],[26.540394,-9.907203],[26.546206,-9.906535],[26.549606,-9.907505],[26.553659,-9.910756],[26.558762,-9.912048],[26.569001,-9.91202],[26.575487,-9.912003],[26.579924,-9.911991],[26.58367,-9.912634],[26.589071,-9.917187],[26.593137,-9.91946],[26.599254,-9.921401],[26.60676,-9.921707],[26.613249,-9.921364],[26.619059,-9.920696],[26.623856,-9.919378],[26.629006,-9.91708],[26.635513,-9.915432],[26.641687,-9.913132],[26.647174,-9.91116],[26.652072,-9.911816],[26.654329,-9.912119],[26.664909,-9.912091],[26.670025,-9.912404],[26.67515,-9.912064],[26.686076,-9.911709],[26.69734,-9.911679],[26.708945,-9.911648],[26.720887,-9.911942],[26.731797,-9.912892],[26.740325,-9.913195],[26.750561,-9.913494],[26.755681,-9.913481],[26.761496,-9.912487],[26.769006,-9.912467],[26.773434,-9.913107],[26.777486,-9.916359],[26.779842,-9.918963],[26.780123,-9.923529],[26.780398,-9.928422],[26.782344,-9.936247],[26.782576,-9.944402],[26.782461,-9.953211],[26.782682,-9.962345],[26.782612,-9.967565],[26.782171,-9.97507],[26.781774,-9.979312],[26.779347,-9.982255],[26.776215,-9.986831],[26.77242,-9.989777],[26.747066,-10.005507],[26.752752,-10.007696],[26.755699,-10.00883],[26.763555,-10.006645],[26.770182,-10.010817],[26.771049,-10.011363],[26.775083,-10.017283],[26.783916,-10.018301],[26.790029,-10.023728],[26.795832,-10.023872],[26.80199,-10.020812],[26.80251,-10.020554],[26.810177,-10.021131],[26.811558,-10.020628],[26.81479,-10.019452],[26.821882,-10.012908],[26.825055,-10.012467],[26.831142,-10.01162],[26.834349,-10.009043],[26.83589,-10.003502],[26.835935,-10.0],[26.836101,-9.987173],[26.839084,-9.98506],[26.84312,-9.984314],[26.848569,-9.983308],[26.855213,-9.977921],[26.860304,-9.977153],[26.860646,-9.977274],[26.863923,-9.978437],[26.86754,-9.979719],[26.867769,-9.9798],[26.870397,-9.984819],[26.872957,-9.98524],[26.87889,-9.978942],[26.879813,-9.978797],[26.882129,-9.978434],[26.883865,-9.985535],[26.886194,-9.98619],[26.888667,-9.981093],[26.884263,-9.966445],[26.886051,-9.96205],[26.892391,-9.967012],[26.894352,-9.965622],[26.895373,-9.964898],[26.900516,-9.965041],[26.90071,-9.965046],[26.908089,-9.977118],[26.908817,-9.964232],[26.913686,-9.964158],[26.91949,-9.966997],[26.922804,-9.968617],[26.924307,-9.969886],[26.928961,-9.973816],[26.930561,-9.975166],[26.932953,-9.965014],[26.935816,-9.966913],[26.936,-9.967035],[26.937726,-9.967123],[26.939483,-9.967213],[26.941299,-9.964655],[26.941238,-9.960753],[26.941223,-9.959827],[26.943306,-9.959566],[26.949249,-9.953957],[26.952729,-9.954133],[26.956277,-9.958447],[26.958638,-9.95823],[26.959289,-9.95817],[26.963341,-9.950521],[26.965412,-9.949339],[26.971536,-9.955222],[26.984297,-9.955483],[26.9826,-9.950912],[26.986966,-9.948316],[26.988008,-9.940942],[26.990059,-9.93861],[26.991309,-9.938978],[26.995001,-9.940065],[26.99924,-9.941314],[27.006372,-9.943415],[27.008414,-9.940624],[27.007397,-9.935121],[27.01642,-9.919116],[27.023649,-9.921533],[27.026331,-9.915283],[27.033859,-9.921832],[27.035903,-9.919272],[27.045479,-9.913535],[27.059114,-9.91318],[27.069717,-9.916012],[27.074962,-9.921719],[27.074229,-9.926806],[27.073185,-9.930305],[27.069452,-9.936035],[27.065711,-9.942401],[27.063286,-9.949717],[27.063211,-9.955438],[27.063771,-9.963382],[27.064365,-9.968783],[27.067601,-9.975448],[27.071534,-9.979887],[27.07612,-9.98496],[27.081386,-9.989078],[27.085015,-9.991293],[27.089826,-10.004628],[27.092085,-10.009707],[27.094657,-10.016374],[27.09659,-10.021136],[27.098534,-10.024944],[27.099805,-10.02939],[27.099418,-10.033523],[27.09537,-10.037983],[27.090597,-10.046894],[27.087529,-10.052623],[27.083139,-10.05772],[27.079742,-10.063132],[27.076346,-10.068543],[27.070278,-10.074916],[27.061838,-10.084473],[27.054415,-10.092755],[27.048359,-10.098174],[27.042593,-10.10677],[27.03987,-10.111545],[27.034079,-10.122048],[27.030324,-10.129368],[27.02692,-10.135415],[27.024521,-10.140824],[27.021772,-10.147506],[27.019037,-10.153233],[27.015615,-10.15803],[27.010876,-10.166921],[27.006819,-10.172017],[26.99769,-10.183482],[26.993949,-10.189848],[26.989891,-10.194944],[26.986146,-10.201628],[26.983764,-10.205766],[26.980704,-10.210859],[26.979946,-10.217853],[26.982169,-10.225792],[26.988382,-10.233721],[26.993634,-10.238792],[27.000184,-10.246402],[27.005445,-10.250837],[27.008724,-10.254324],[27.012566,-10.257637],[27.01497,-10.25971],[27.02157,-10.263507],[27.026166,-10.267944],[27.031107,-10.271426],[27.039008,-10.277444],[27.04461,-10.281243],[27.051201,-10.285674],[27.056458,-10.290427],[27.059798,-10.291823],[27.061749,-10.292638],[27.070577,-10.297668],[27.078248,-10.302128],[27.083509,-10.306564],[27.092426,-10.312959],[27.097344,-10.316379],[27.105598,-10.320806],[27.108877,-10.324294],[27.113128,-10.329685],[27.119353,-10.33666],[27.122295,-10.340466],[27.126883,-10.345539],[27.130482,-10.349979],[27.135377,-10.356957],[27.139279,-10.363621],[27.144835,-10.370916],[27.151022,-10.380751],[27.15524,-10.388685],[27.159478,-10.39503],[27.163397,-10.400423],[27.165484,-10.402911],[27.167652,-10.405496],[27.173869,-10.413107],[27.176803,-10.417549],[27.180081,-10.421036],[27.181118,-10.422272],[27.184337,-10.42611],[27.187977,-10.429631],[27.18791,-10.432456],[27.185545,-10.435323],[27.179489,-10.440742],[27.174101,-10.445841],[27.16972,-10.450302],[27.16025,-10.462404],[27.154531,-10.467504],[27.148137,-10.473242],[27.141403,-10.479616],[27.136012,-10.485033],[27.131265,-10.492037],[27.125524,-10.498727],[27.120469,-10.503825],[27.115377,-10.511784],[27.10932,-10.517203],[27.105903,-10.524204],[27.103196,-10.527707],[27.103154,-10.530885],[27.102746,-10.536607],[27.102342,-10.542011],[27.101947,-10.546779],[27.099586,-10.549327],[27.092873,-10.554113],[27.087178,-10.557306],[27.080154,-10.560503],[27.073133,-10.563382],[27.065834,-10.56213],[27.059222,-10.559287],[27.053952,-10.555487],[27.049664,-10.552956],[27.043703,-10.551065],[27.038051,-10.55108],[27.032381,-10.552367],[27.02901,-10.555872],[27.021981,-10.559386],[27.014347,-10.558453],[27.007697,-10.558471],[27.0049,-10.55792],[26.999737,-10.556903],[26.988761,-10.55725],[26.980445,-10.55759],[26.972422,-10.560789],[26.965721,-10.564621],[26.961013,-10.568765],[26.956268,-10.575452],[26.953823,-10.584357],[26.950701,-10.594217],[26.948954,-10.600578],[26.946543,-10.606941],[26.938892,-10.607279],[26.931947,-10.604437],[26.92833,-10.601269],[26.926458,-10.592057],[26.924909,-10.58348],[26.923983,-10.57808],[26.922089,-10.570458],[26.920523,-10.563152],[26.920623,-10.555525],[26.919705,-10.549489],[26.920779,-10.543765],[26.92353,-10.536766],[26.923614,-10.53041],[26.920715,-10.523426],[26.917803,-10.517395],[26.913534,-10.513275],[26.910976,-10.511638],[26.909578,-10.510743],[26.902317,-10.506631],[26.897023,-10.504738],[26.890788,-10.498398],[26.886201,-10.493325],[26.881601,-10.489206],[26.872323,-10.486688],[26.864049,-10.48385],[26.857104,-10.481008],[26.848509,-10.477218],[26.840589,-10.472789],[26.83398,-10.469629],[26.827027,-10.467423],[26.820411,-10.464898],[26.813774,-10.463962],[26.806126,-10.463982],[26.799783,-10.465906],[26.793456,-10.466559],[26.783798,-10.467856],[26.775486,-10.467878],[26.765843,-10.467903],[26.757514,-10.469197],[26.749525,-10.469854],[26.74221,-10.469873],[26.736225,-10.469889],[26.728615,-10.467049],[26.718004,-10.464853],[26.713333,-10.466136],[26.705997,-10.467745],[26.699347,-10.467763],[26.690838,-10.467238],[26.680429,-10.465907],[26.671466,-10.46276],[26.66438,-10.460967],[26.659167,-10.46098],[26.654901,-10.460992],[26.647141,-10.462246],[26.646351,-10.462374],[26.638247,-10.466019],[26.631564,-10.469661],[26.6235,-10.470135],[26.612109,-10.471525],[26.605953,-10.471088],[26.597434,-10.470205],[26.585592,-10.469783],[26.575633,-10.470263],[26.56851,-10.471188],[26.564696,-10.47301],[26.559927,-10.475288],[26.546152,-10.477589],[26.536175,-10.479428],[26.525778,-10.477191],[26.523883,-10.477196],[26.513954,-10.47541],[26.508284,-10.474066],[26.495597,-10.474779],[26.490957,-10.476151],[26.484869,-10.479678],[26.453804,-10.501514],[26.456124,-10.501252],[26.463894,-10.508276],[26.471343,-10.509094],[26.472728,-10.510094],[26.475097,-10.511803],[26.475454,-10.520538],[26.479473,-10.525312],[26.480941,-10.530582],[26.483982,-10.534732],[26.485445,-10.536728],[26.486909,-10.542676],[26.487419,-10.544751],[26.497459,-10.548063],[26.499292,-10.550097],[26.509741,-10.561692],[26.514953,-10.561239],[26.51601,-10.561147],[26.520108,-10.567907],[26.520296,-10.568216],[26.51572,-10.57334],[26.519331,-10.582029],[26.519624,-10.586394],[26.521738,-10.587746],[26.527864,-10.59364],[26.537523,-10.593139],[26.539947,-10.593013],[26.554443,-10.59879],[26.55956,-10.599511],[26.566326,-10.600465],[26.556747,-10.613478],[26.554865,-10.627993],[26.543416,-10.64034],[26.535135,-10.646667],[26.527853,-10.657806],[26.521854,-10.66111],[26.518896,-10.665788],[26.517306,-10.668302],[26.514701,-10.670524],[26.510181,-10.674379],[26.510469,-10.678286],[26.515983,-10.685414],[26.516631,-10.686251],[26.535012,-10.693022],[26.549371,-10.700232],[26.560224,-10.703827],[26.571074,-10.707648],[26.575307,-10.710129],[26.577401,-10.713068],[26.582334,-10.716225],[26.584912,-10.718484],[26.591033,-10.721412],[26.594079,-10.724122],[26.597142,-10.725473],[26.599414,-10.727262],[26.599722,-10.727504],[26.601821,-10.72999],[26.605094,-10.733379],[26.605997,-10.736774],[26.606186,-10.740398],[26.603511,-10.745614],[26.601527,-10.752188],[26.596441,-10.760582],[26.595163,-10.767607],[26.588636,-10.777364],[26.585714,-10.783261],[26.582348,-10.786894],[26.578522,-10.789622],[26.574207,-10.793257],[26.568473,-10.796897],[26.564396,-10.805185],[26.56164,-10.811864],[26.560554,-10.822286],[26.560471,-10.828628],[26.560302,-10.841313],[26.561161,-10.848106],[26.56151,-10.857618],[26.562854,-10.863503],[26.566573,-10.868929],[26.56601,-10.875726],[26.565932,-10.881615],[26.56118,-10.882534],[26.556381,-10.887076],[26.551552,-10.893884],[26.549596,-10.89842],[26.541059,-10.898895],[26.531142,-10.896204],[26.523589,-10.893959],[26.514116,-10.893531],[26.506041,-10.894912],[26.497948,-10.897651],[26.494626,-10.899698],[26.489825,-10.902656],[26.480268,-10.90857],[26.474082,-10.910399],[26.46695,-10.91223],[26.44044,-10.909241],[26.427382,-10.917525],[26.426365,-10.91817],[26.418915,-10.91804],[26.408132,-10.929455],[26.40115,-10.942303],[26.396267,-10.953188],[26.389008,-10.964533],[26.381749,-10.975877],[26.372067,-10.991305],[26.360939,-11.008548],[26.355096,-11.020342],[26.348785,-11.031684],[26.345803,-11.042111],[26.344748,-11.050268],[26.344478,-11.053703],[26.344178,-11.057517],[26.347328,-11.070193],[26.349128,-11.077436],[26.351378,-11.08649],[26.352278,-11.090112],[26.354582,-11.095089],[26.355902,-11.102786],[26.355806,-11.110035],[26.353353,-11.116383],[26.354187,-11.124988],[26.356017,-11.129966],[26.355885,-11.139933],[26.35531,-11.147635],[26.355238,-11.153071],[26.349443,-11.161241],[26.348843,-11.170756],[26.350181,-11.177094],[26.35057,-11.180473],[26.353307,-11.191582],[26.357375,-11.20652],[26.358677,-11.215577],[26.360021,-11.221462],[26.360399,-11.228709],[26.355678,-11.227363],[26.345311,-11.22286],[26.3321,-11.218365],[26.317954,-11.212967],[26.310424,-11.20891],[26.309056,-11.204837],[26.314887,-11.193949],[26.320239,-11.183516],[26.32184,-11.169921],[26.321924,-11.163579],[26.320142,-11.154977],[26.316446,-11.147739],[26.317969,-11.140034],[26.320969,-11.128248],[26.322966,-11.120541],[26.319283,-11.112397],[26.315131,-11.103801],[26.314711,-11.099725],[26.320536,-11.089291],[26.324429,-11.081579],[26.327824,-11.075681],[26.331256,-11.067065],[26.33086,-11.061177],[26.327815,-11.055479],[26.324167,-11.052521],[26.31081,-11.048506],[26.303232,-11.039175],[26.300565,-11.027937],[26.300079,-11.025884],[26.300022,-11.025645],[26.28685,-10.998446],[26.28496,-10.996399],[26.284909,-10.9964],[26.281002,-10.99645],[26.28049,-10.995958],[26.278955,-10.994482],[26.277935,-10.9935],[26.272575,-10.993111],[26.271709,-10.991454],[26.269708,-10.987626],[26.271248,-10.980935],[26.271039,-10.980233],[26.268058,-10.97019],[26.265398,-10.961232],[26.264574,-10.951812],[26.258487,-10.94936],[26.255258,-10.95147],[26.251338,-10.94981],[26.251043,-10.949685],[26.24143,-10.944518],[26.240654,-10.941912],[26.239927,-10.939468],[26.239725,-10.938789],[26.236457,-10.937574],[26.236222,-10.937487],[26.234344,-10.936789],[26.231713,-10.931105],[26.230485,-10.928454],[26.229792,-10.926956],[26.233019,-10.924616],[26.224075,-10.917139],[26.222391,-10.91302],[26.222983,-10.909667],[26.223042,-10.909332],[26.224482,-10.907612],[26.226936,-10.904683],[26.225908,-10.897336],[26.225242,-10.897593],[26.224566,-10.897853],[26.222205,-10.898763],[26.219402,-10.898109],[26.2175,-10.895143],[26.21764,-10.888011],[26.215023,-10.883674],[26.213562,-10.883742],[26.213378,-10.883751],[26.208276,-10.883989],[26.204743,-10.88168],[26.203391,-10.880796],[26.202408,-10.880154],[26.200376,-10.88083],[26.199672,-10.881065],[26.195224,-10.882545],[26.18835,-10.881589],[26.186133,-10.88128],[26.184669,-10.882087],[26.183278,-10.882854],[26.180586,-10.884339],[26.174459,-10.88213],[26.173805,-10.881894],[26.169665,-10.882608],[26.168377,-10.88283],[26.166607,-10.883135],[26.16328,-10.886856],[26.159954,-10.890578],[26.157248,-10.891919],[26.154741,-10.893162],[26.151859,-10.89459],[26.150934,-10.895062],[26.151094,-10.89782],[26.151533,-10.905404],[26.149307,-10.913252],[26.141557,-10.925999],[26.123451,-10.948073],[26.116777,-10.954136],[26.106319,-10.955415],[26.096662,-10.964964],[26.080232,-10.972755],[26.069563,-10.975875],[26.065183,-10.979379],[26.044753,-10.976471],[26.035472,-10.973898],[26.026957,-10.972066],[26.020393,-10.969487],[26.004907,-10.96656],[25.995238,-10.963989],[25.984758,-10.964017],[25.973129,-10.962935],[25.962305,-10.959625],[25.953014,-10.957795],[25.949152,-10.956321],[25.94727,-10.951874],[25.931473,-10.962183],[25.924794,-10.971919],[25.877039,-11.016104],[25.877116,-11.016142],[25.882427,-11.018803],[25.882563,-11.020605],[25.882703,-11.022479],[25.878835,-11.030114],[25.878622,-11.032332],[25.878214,-11.036561],[25.879564,-11.039481],[25.873589,-11.048616],[25.866589,-11.060198],[25.854195,-11.074738],[25.849387,-11.097202],[25.829705,-11.111557],[25.793529,-11.13261],[25.790608,-11.160685],[25.790502,-11.203673],[25.795857,-11.216796],[25.809448,-11.230745],[25.814808,-11.242012],[25.814905,-11.245133],[25.815395,-11.260888],[25.809659,-11.27373],[25.802981,-11.283456],[25.789643,-11.295487],[25.770591,-11.311393],[25.756581,-11.338554],[25.758501,-11.359239],[25.758546,-11.363224],[25.758592,-11.367289],[25.757833,-11.3712],[25.755953,-11.380889],[25.756693,-11.384561],[25.759476,-11.387437],[25.7633,-11.391388],[25.761631,-11.39418],[25.75804,-11.400187],[25.760172,-11.403155],[25.771139,-11.403953],[25.777874,-11.401578],[25.780964,-11.406603],[25.781236,-11.40901],[25.781482,-11.411199],[25.780087,-11.415178],[25.778325,-11.420205],[25.779972,-11.421566],[25.777254,-11.428498],[25.77378,-11.430606],[25.773588,-11.434289],[25.777687,-11.445744],[25.776881,-11.453233],[25.776844,-11.453574],[25.774797,-11.458198],[25.768125,-11.466092],[25.760637,-11.463875],[25.754125,-11.465557],[25.748714,-11.468393],[25.740679,-11.472605],[25.736863,-11.476299],[25.734911,-11.478189],[25.733504,-11.484975],[25.731374,-11.49525],[25.72866,-11.523112],[25.722526,-11.529733],[25.712297,-11.540772],[25.707032,-11.540471],[25.705526,-11.540385],[25.702123,-11.548933],[25.694965,-11.555451],[25.688179,-11.553684],[25.687472,-11.555119],[25.686811,-11.556459],[25.688054,-11.558649],[25.689666,-11.561489],[25.684396,-11.570056],[25.683517,-11.57348],[25.68293,-11.575765],[25.68149,-11.581359],[25.675989,-11.590159],[25.682396,-11.620453],[25.67436,-11.632271],[25.656553,-11.646953],[25.63862,-11.650364],[25.630506,-11.655282],[25.625447,-11.655143],[25.624437,-11.655115],[25.616689,-11.651055],[25.612752,-11.650359],[25.611778,-11.650187],[25.609503,-11.651717],[25.609083,-11.652],[25.607609,-11.652991],[25.605127,-11.659454],[25.599893,-11.673083],[25.583753,-11.684506],[25.57812,-11.688493],[25.574308,-11.697627],[25.572431,-11.702124],[25.559934,-11.712145],[25.551693,-11.72718],[25.545021,-11.733222],[25.544756,-11.733462],[25.540156,-11.734043],[25.536829,-11.734464],[25.531746,-11.739347],[25.508135,-11.729862]]]}},
{"type":"Feature","properties":{"minmod_id":"Q3001","name":"Haut-Lomami"},"geometry":{"type":"Polygon","coordinates":[[[27.837543,-8.144527],[27.853375,-8.122687],[27.847341,-8.12027],[27.8316,-8.123925],[27.815243,-8.130006],[27.800712,-8.13366],[27.771881,-8.135877],[27.768467,-8.138965],[27.768255,-8.139157],[27.762026,-8.138813],[27.749668,-8.131005],[27.745277,-8.130397],[27.740692,-8.131628],[27.725937,-8.143608],[27.717647,-8.154134],[27.71603,-8.156186],[27.708732,-8.147104],[27.708793,-8.134981],[27.720064,-8.125118],[27.72525,-8.119055],[27.730518,-8.117352],[27.73314,-8.113496],[27.737472,-8.107122],[27.739557,-8.095376],[27.744909,-8.085865],[27.766564,-8.070656],[27.775072,-8.062159],[27.781733,-8.060332],[27.788179,-8.046731],[27.796947,-8.03532],[27.807628,-8.01538],[27.81439,-8.007449],[27.824088,-7.990007],[27.827985,-7.985632],[27.83298,-7.968169],[27.834818,-7.967129],[27.836656,-7.96609],[27.841451,-7.955973],[27.841167,-7.943121],[27.845297,-7.939203],[27.846852,-7.93433],[27.84757,-7.932079],[27.8542,-7.920348],[27.851391,-7.909341],[27.852753,-7.904516],[27.848079,-7.888236],[27.831597,-7.885633],[27.807979,-7.88127],[27.806808,-7.876683],[27.808885,-7.868455],[27.809301,-7.866804],[27.806066,-7.864291],[27.806827,-7.861986],[27.806976,-7.861533],[27.806886,-7.86107],[27.806036,-7.856716],[27.809017,-7.853721],[27.808903,-7.853252],[27.807846,-7.848904],[27.80267,-7.847502],[27.801161,-7.847093],[27.789484,-7.843224],[27.782789,-7.851724],[27.774265,-7.863259],[27.74761,-7.872995],[27.734282,-7.877863],[27.723999,-7.878482],[27.706572,-7.875321],[27.704063,-7.874866],[27.692015,-7.865782],[27.680591,-7.853058],[27.639708,-7.806398],[27.633715,-7.793489],[27.630138,-7.785783],[27.63026,-7.761515],[27.626767,-7.734824],[27.631764,-7.703266],[27.641501,-7.691119],[27.673588,-7.672847],[27.669281,-7.669722],[27.66666,-7.667821],[27.665563,-7.664488],[27.6613,-7.651537],[27.652623,-7.642766],[27.650436,-7.640555],[27.638697,-7.625808],[27.632391,-7.617887],[27.63162,-7.617556],[27.6278,-7.615914],[27.626153,-7.61194],[27.624016,-7.595184],[27.619102,-7.591488],[27.618242,-7.590841],[27.615465,-7.586947],[27.614992,-7.583734],[27.608319,-7.581541],[27.594938,-7.577145],[27.593789,-7.576101],[27.592167,-7.574628],[27.587034,-7.56274],[27.586128,-7.560642],[27.597546,-7.534586],[27.597586,-7.526694],[27.593988,-7.520628],[27.586167,-7.512746],[27.575322,-7.504866],[27.552979,-7.498822],[27.528862,-7.484888],[27.520409,-7.482469],[27.510737,-7.481873],[27.506656,-7.483015],[27.499837,-7.484922],[27.502155,-7.504953],[27.503321,-7.51345],[27.497848,-7.519527],[27.484533,-7.521971],[27.463952,-7.526245],[27.442842,-7.534026],[27.443613,-7.52074],[27.443708,-7.519097],[27.441847,-7.513362],[27.443297,-7.507781],[27.444116,-7.504628],[27.443403,-7.49866],[27.444621,-7.495796],[27.447511,-7.489001],[27.446269,-7.486981],[27.444269,-7.483729],[27.445173,-7.478675],[27.440314,-7.473476],[27.439396,-7.472493],[27.437939,-7.472767],[27.436651,-7.473009],[27.433185,-7.473661],[27.430709,-7.476011],[27.429056,-7.477579],[27.423695,-7.478265],[27.419853,-7.478757],[27.416666,-7.481292],[27.414345,-7.483139],[27.412391,-7.485455],[27.406489,-7.49245],[27.402883,-7.496724],[27.397144,-7.500646],[27.39221,-7.501346],[27.391126,-7.5015],[27.38886,-7.501822],[27.381059,-7.508736],[27.368412,-7.51268],[27.364522,-7.516743],[27.362678,-7.518669],[27.361695,-7.520258],[27.35627,-7.529023],[27.354004,-7.538905],[27.333281,-7.537933],[27.31937,-7.538556],[27.307866,-7.541605],[27.304234,-7.542216],[27.285413,-7.541415],[27.282641,-7.538552],[27.279869,-7.535691],[27.280546,-7.532015],[27.278688,-7.527198],[27.274755,-7.524808],[27.268537,-7.521029],[27.267158,-7.516213],[27.265974,-7.512081],[27.264051,-7.510175],[27.2602,-7.506358],[27.255567,-7.498105],[27.251184,-7.495362],[27.250508,-7.495292],[27.244737,-7.494692],[27.23736,-7.491041],[27.236216,-7.48938],[27.233888,-7.485999],[27.227676,-7.495564],[27.225174,-7.511958],[27.219026,-7.531997],[27.220164,-7.545958],[27.225539,-7.559305],[27.221834,-7.574484],[27.21933,-7.591482],[27.222276,-7.606652],[27.225278,-7.610897],[27.21498,-7.614551],[27.19079,-7.615186],[27.139962,-7.621922],[27.121467,-7.626471],[27.087894,-7.634729],[27.05448,-7.629374],[27.054059,-7.629307],[27.029859,-7.631763],[26.997182,-7.636656],[26.980967,-7.634197],[26.969387,-7.632441],[26.955562,-7.625718],[26.954675,-7.636741],[26.950506,-7.635242],[26.949606,-7.634918],[26.945349,-7.635388],[26.941089,-7.635859],[26.934312,-7.638164],[26.924761,-7.641413],[26.906101,-7.637559],[26.898811,-7.637404],[26.88676,-7.637149],[26.872139,-7.63307],[26.865562,-7.631235],[26.857388,-7.629952],[26.855823,-7.629706],[26.848287,-7.628523],[26.842643,-7.628772],[26.837238,-7.629011],[26.828941,-7.628145],[26.823963,-7.627625],[26.818917,-7.627099],[26.815687,-7.626761],[26.807969,-7.625956],[26.814466,-7.596816],[26.822974,-7.588309],[26.826641,-7.580717],[26.826059,-7.576166],[26.811095,-7.575728],[26.809016,-7.568447],[26.808771,-7.557066],[26.808258,-7.551212],[26.802998,-7.544997],[26.794257,-7.539696],[26.784754,-7.535609],[26.775392,-7.533496],[26.763742,-7.535331],[26.752801,-7.546573],[26.744921,-7.550377],[26.736153,-7.550387],[26.711005,-7.530992],[26.698812,-7.522805],[26.69693,-7.526537],[26.696664,-7.527063],[26.701141,-7.533132],[26.699083,-7.5375],[26.693412,-7.543704],[26.691509,-7.545785],[26.686577,-7.546175],[26.685524,-7.546258],[26.68231,-7.549021],[26.675489,-7.547904],[26.674565,-7.547752],[26.671255,-7.54721],[26.67045,-7.547556],[26.668035,-7.548595],[26.661142,-7.552974],[26.653643,-7.544566],[26.651099,-7.539409],[26.650074,-7.532885],[26.64969,-7.519075],[26.65113,-7.510974],[26.64767,-7.508915],[26.630405,-7.508266],[26.625014,-7.503737],[26.621408,-7.500708],[26.618902,-7.500522],[26.612428,-7.50004],[26.601589,-7.491747],[26.59688,-7.488144],[26.596052,-7.48751],[26.587288,-7.480805],[26.586357,-7.477133],[26.584361,-7.475349],[26.581862,-7.473116],[26.577129,-7.468887],[26.570911,-7.467293],[26.54927,-7.466192],[26.544924,-7.464722],[26.543148,-7.464121],[26.539825,-7.462997],[26.537376,-7.460776],[26.534519,-7.458186],[26.533958,-7.457074],[26.530586,-7.450387],[26.528497,-7.443731],[26.527878,-7.432861],[26.527294,-7.422605],[26.526688,-7.421344],[26.524978,-7.417787],[26.522694,-7.416051],[26.521593,-7.415215],[26.521059,-7.414809],[26.518985,-7.414184],[26.517792,-7.413825],[26.51576,-7.413213],[26.510456,-7.408402],[26.498028,-7.408658],[26.497589,-7.408396],[26.496886,-7.407977],[26.495722,-7.407284],[26.494426,-7.407841],[26.490894,-7.409361],[26.487462,-7.412802],[26.484007,-7.416266],[26.483629,-7.419739],[26.483331,-7.422469],[26.482992,-7.423355],[26.482187,-7.425457],[26.479938,-7.425807],[26.479479,-7.425878],[26.479196,-7.425922],[26.479201,-7.427873],[26.479206,-7.429826],[26.478585,-7.430449],[26.475532,-7.433508],[26.471388,-7.432828],[26.465548,-7.402419],[26.460803,-7.384208],[26.454514,-7.372374],[26.449704,-7.366915],[26.443984,-7.362063],[26.434633,-7.357823],[26.427674,-7.358743],[26.421908,-7.363],[26.421853,-7.373931],[26.428432,-7.388194],[26.436239,-7.398811],[26.438311,-7.407613],[26.433733,-7.416119],[26.424044,-7.418863],[26.4177,-7.41796],[26.410826,-7.40218],[26.396174,-7.370014],[26.387708,-7.370024],[26.372872,-7.374292],[26.358158,-7.339121],[26.352377,-7.327189],[26.3526,-7.324203],[26.35948,-7.313853],[26.364282,-7.300981],[26.367781,-7.296422],[26.368871,-7.295],[26.370238,-7.289257],[26.371605,-7.283509],[26.378477,-7.269943],[26.37915,-7.269482],[26.382843,-7.266949],[26.383299,-7.264881],[26.380992,-7.262358],[26.376848,-7.261907],[26.377954,-7.243069],[26.380894,-7.238645],[26.381622,-7.237549],[26.382301,-7.232724],[26.379988,-7.226986],[26.382191,-7.224977],[26.382513,-7.224683],[26.383673,-7.221452],[26.385484,-7.216408],[26.385704,-7.213246],[26.385932,-7.209975],[26.394469,-7.190142],[26.407211,-7.160542],[26.457151,-7.152049],[26.469188,-7.144262],[26.470853,-7.132962],[26.475514,-7.117092],[26.481478,-7.10292],[26.477519,-7.090447],[26.485658,-7.061823],[26.473455,-7.057714],[26.468692,-7.055525],[26.458025,-7.050623],[26.443352,-7.044636],[26.438851,-7.04184],[26.433838,-7.038726],[26.42896,-7.038127],[26.419111,-7.036918],[26.416051,-7.039429],[26.414058,-7.041064],[26.413377,-7.0452],[26.399861,-7.0518],[26.390191,-7.0509],[26.378705,-7.050306],[26.362983,-7.050325],[26.338753,-7.043668],[26.314982,-7.021211],[26.298394,-7.013026],[26.287016,-7.036624],[26.278856,-7.043213],[26.2698,-7.043915],[26.261589,-7.040853],[26.245346,-7.034758],[26.234791,-7.030797],[26.226075,-7.013883],[26.223864,-7.003779],[26.217815,-6.993992],[26.21534,-6.989988],[26.213199,-6.986525],[26.214927,-6.980785],[26.218143,-6.978252],[26.219816,-6.97166],[26.220651,-6.968368],[26.220386,-6.951367],[26.216814,-6.942923],[26.203513,-6.942331],[26.188992,-6.944171],[26.176293,-6.944186],[26.150312,-6.961962],[26.135211,-6.961314],[26.116665,-6.961872],[26.108467,-6.961328],[26.101558,-6.959964],[26.09432,-6.947445],[26.098402,-6.941243],[26.102346,-6.935254],[26.109236,-6.929958],[26.113864,-6.921544],[26.113401,-6.915662],[26.108629,-6.910553],[26.089635,-6.907747],[26.072802,-6.905813],[26.052497,-6.900049],[26.04079,-6.88854],[26.038152,-6.879267],[26.04501,-6.870977],[26.068274,-6.865455],[26.075595,-6.863047],[26.081587,-6.854324],[26.079799,-6.842545],[26.086666,-6.835933],[26.094837,-6.819356],[26.09488,-6.810843],[26.111849,-6.814097],[26.134775,-6.813836],[26.133573,-6.795259],[26.130167,-6.794964],[26.125751,-6.794582],[26.120456,-6.791374],[26.112869,-6.793225],[26.106578,-6.790699],[26.1009,-6.788419],[26.090784,-6.789585],[26.085443,-6.763732],[26.06037,-6.759505],[26.03704,-6.750807],[26.033795,-6.742822],[26.032233,-6.738979],[26.034308,-6.723477],[26.031664,-6.712941],[26.010519,-6.71136],[26.006156,-6.702058],[26.011662,-6.682828],[26.011809,-6.682222],[26.014617,-6.670696],[26.017114,-6.653519],[26.010603,-6.645862],[25.999705,-6.624281],[25.991021,-6.613651],[25.98365,-6.606401],[25.965945,-6.602772],[25.952145,-6.603403],[25.934451,-6.601874],[25.934389,-6.590115],[25.937344,-6.577981],[25.934238,-6.561555],[25.93032,-6.554776],[25.941914,-6.544873],[25.947911,-6.536984],[25.948443,-6.527971],[25.949099,-6.516842],[25.943653,-6.465936],[25.945783,-6.460927],[25.960893,-6.463257],[25.975565,-6.46432],[25.984617,-6.463197],[25.985013,-6.456482],[25.981066,-6.44424],[25.98401,-6.430003],[25.98786,-6.42376],[25.995635,-6.425978],[26.000837,-6.430678],[26.010356,-6.436284],[26.024145,-6.433553],[26.040489,-6.424559],[26.051236,-6.41758],[26.05551,-6.410084],[26.059697,-6.386201],[26.063531,-6.377016],[26.096932,-6.330887],[26.105069,-6.319666],[26.116496,-6.295481],[26.112654,-6.285746],[26.10534,-6.289417],[26.093288,-6.294276],[26.085105,-6.296673],[26.072161,-6.296056],[26.065196,-6.284185],[26.060382,-6.271086],[26.055181,-6.266384],[26.046111,-6.264145],[26.036625,-6.264842],[26.027986,-6.262609],[26.026669,-6.258387],[26.019945,-6.210377],[26.016462,-6.20444],[26.005684,-6.205538],[25.994517,-6.214614],[25.985916,-6.219526],[25.982994,-6.237973],[25.982191,-6.249307],[25.981485,-6.252645],[25.977141,-6.273183],[25.971115,-6.275613],[25.959843,-6.264936],[25.953755,-6.255599],[25.948967,-6.247542],[25.948896,-6.234093],[25.952205,-6.218593],[25.94461,-6.212167],[25.940912,-6.207518],[25.939312,-6.205507],[25.925508,-6.197249],[25.912718,-6.187047],[25.911699,-6.186234],[25.894245,-6.177367],[25.882982,-6.16837],[25.876498,-6.165749],[25.865698,-6.162643],[25.857466,-6.155793],[25.847077,-6.14891],[25.83973,-6.146277],[25.829124,-6.144041],[25.828083,-6.144936],[25.82591,-6.146803],[25.811237,-6.14982],[25.809711,-6.150134],[25.803398,-6.151432],[25.802252,-6.154192],[25.802946,-6.15672],[25.805263,-6.158261],[25.80681,-6.15929],[25.813989,-6.164064],[25.811481,-6.176713],[25.810597,-6.177448],[25.803449,-6.18339],[25.802033,-6.185972],[25.801729,-6.186526],[25.797264,-6.194664],[25.791294,-6.19904],[25.788415,-6.200118],[25.777742,-6.204116],[25.76981,-6.20543],[25.768865,-6.205587],[25.760971,-6.206895],[25.752706,-6.212653],[25.747427,-6.213697],[25.746048,-6.21397],[25.739839,-6.215198],[25.735935,-6.217042],[25.728134,-6.224868],[25.721933,-6.227405],[25.713957,-6.227559],[25.713519,-6.227567],[25.709291,-6.227649],[25.706077,-6.229722],[25.703098,-6.235703],[25.702372,-6.236132],[25.701715,-6.236519],[25.699196,-6.238007],[25.693909,-6.238243],[25.691899,-6.238078],[25.69115,-6.238016],[25.690008,-6.23985],[25.689381,-6.240857],[25.688858,-6.241697],[25.684744,-6.256876],[25.682952,-6.259121],[25.681072,-6.261478],[25.677953,-6.262759],[25.677572,-6.262915],[25.670965,-6.265627],[25.643161,-6.269336],[25.636043,-6.275322],[25.613064,-6.277185],[25.605932,-6.273284],[25.603901,-6.27583],[25.602177,-6.277992],[25.601343,-6.279037],[25.600948,-6.27922],[25.599903,-6.279703],[25.598356,-6.280419],[25.587324,-6.279281],[25.579282,-6.282737],[25.561359,-6.286434],[25.561062,-6.286622],[25.560806,-6.286784],[25.560087,-6.287239],[25.553149,-6.291628],[25.550685,-6.293186],[25.542068,-6.298637],[25.536792,-6.306459],[25.511466,-6.30897],[25.503716,-6.311794],[25.495938,-6.309154],[25.492865,-6.299023],[25.486801,-6.294309],[25.474755,-6.300429],[25.439908,-6.317968],[25.427842,-6.320305],[25.415328,-6.319275],[25.388486,-6.3008],[25.385891,-6.2995],[25.382869,-6.299033],[25.376589,-6.300559],[25.368222,-6.302593],[25.295886,-6.327545],[25.293344,-6.33633],[25.296911,-6.358232],[25.300905,-6.3793],[25.305732,-6.394917],[25.306237,-6.408788],[25.306277,-6.416351],[25.298547,-6.422955],[25.286947,-6.431601],[25.282666,-6.437837],[25.272367,-6.441612],[25.274439,-6.446775],[25.275133,-6.448507],[25.279734,-6.451722],[25.280776,-6.45633],[25.281813,-6.460915],[25.286983,-6.461773],[25.288711,-6.46206],[25.292856,-6.469644],[25.296768,-6.472169],[25.305733,-6.471473],[25.308954,-6.47354],[25.312603,-6.478093],[25.314478,-6.480433],[25.314423,-6.482276],[25.314366,-6.484137],[25.314256,-6.487788],[25.325387,-6.501802],[25.32922,-6.506627],[25.329378,-6.506773],[25.330425,-6.507743],[25.331817,-6.509033],[25.339554,-6.516204],[25.345412,-6.521632],[25.351774,-6.527528],[25.354185,-6.528788],[25.355387,-6.529415],[25.356605,-6.530052],[25.358333,-6.532874],[25.359138,-6.534188],[25.368343,-6.540847],[25.371079,-6.541073],[25.373861,-6.541303],[25.379915,-6.534102],[25.382185,-6.533323],[25.3824,-6.533249],[25.383737,-6.53279],[25.391098,-6.535083],[25.393504,-6.540505],[25.394918,-6.543691],[25.3964,-6.547031],[25.399339,-6.546866],[25.399461,-6.546859],[25.400537,-6.546799],[25.401314,-6.546323],[25.4038,-6.544802],[25.404674,-6.544267],[25.405763,-6.54447],[25.405922,-6.5445],[25.408354,-6.544953],[25.412039,-6.550697],[25.411133,-6.56173],[25.41492,-6.562119],[25.417801,-6.562415],[25.423324,-6.567237],[25.427819,-6.573961],[25.429313,-6.576196],[25.43989,-6.576647],[25.444721,-6.579171],[25.445577,-6.582364],[25.446408,-6.58546],[25.447494,-6.589512],[25.454853,-6.590425],[25.456794,-6.592104],[25.456948,-6.592237],[25.45738,-6.59261],[25.458305,-6.593411],[25.463009,-6.605418],[25.465687,-6.612252],[25.466852,-6.625121],[25.463194,-6.642592],[25.463201,-6.6478],[25.463209,-6.654773],[25.462876,-6.655873],[25.462231,-6.658001],[25.461607,-6.660061],[25.45852,-6.663538],[25.457931,-6.664201],[25.457431,-6.664666],[25.451502,-6.670182],[25.440716,-6.689497],[25.444623,-6.7003],[25.44487,-6.700985],[25.444483,-6.701992],[25.444259,-6.702577],[25.443723,-6.703973],[25.439475,-6.70681],[25.438435,-6.707505],[25.438209,-6.707655],[25.438799,-6.709147],[25.43931,-6.710438],[25.440609,-6.713722],[25.441208,-6.715237],[25.448347,-6.723964],[25.441842,-6.727853],[25.438526,-6.729835],[25.436702,-6.730926],[25.432949,-6.733169],[25.421699,-6.749036],[25.414637,-6.755428],[25.412662,-6.757215],[25.409754,-6.759847],[25.398317,-6.767425],[25.394127,-6.770201],[25.389656,-6.774677],[25.386923,-6.777414],[25.377357,-6.78699],[25.367702,-6.791823],[25.354337,-6.796147],[25.345632,-6.798963],[25.341606,-6.801957],[25.339361,-6.803626],[25.337589,-6.804944],[25.330451,-6.805908],[25.310224,-6.80864],[25.298521,-6.804982],[25.301468,-6.791175],[25.301828,-6.777747],[25.30091,-6.767238],[25.292691,-6.762916],[25.28403,-6.756487],[25.274902,-6.743335],[25.266205,-6.730188],[25.257546,-6.724179],[25.241371,-6.721355],[25.222528,-6.709374],[25.210375,-6.695334],[25.195199,-6.680409],[25.181357,-6.673061],[25.173169,-6.674616],[25.159393,-6.679865],[25.142631,-6.691367],[25.137457,-6.691708],[25.128303,-6.689106],[25.122437,-6.687438],[25.109376,-6.683725],[25.096828,-6.676396],[25.079132,-6.674448],[25.067044,-6.672585],[25.057197,-6.667997],[25.054936,-6.666943],[25.049284,-6.65846],[25.044096,-6.656282],[25.034185,-6.658231],[25.029042,-6.664451],[25.025447,-6.67506],[25.021822,-6.685755],[25.010241,-6.698175],[25.006377,-6.698116],[24.980475,-6.697723],[24.944249,-6.699273],[24.935212,-6.703334],[24.927485,-6.710354],[24.931016,-6.725522],[24.932419,-6.746114],[24.926402,-6.750221],[24.912595,-6.749592],[24.894483,-6.750576],[24.875542,-6.757845],[24.848071,-6.783455],[24.840798,-6.794679],[24.846083,-6.815327],[24.847486,-6.827208],[24.835197,-6.833026],[24.816902,-6.841688],[24.807155,-6.853382],[24.80311,-6.858234],[24.790233,-6.868805],[24.787673,-6.87356],[24.787016,-6.87478],[24.78426,-6.886959],[24.782552,-6.888799],[24.781273,-6.890176],[24.779586,-6.890797],[24.778814,-6.891081],[24.776903,-6.891785],[24.74884,-6.889947],[24.740791,-6.898219],[24.736421,-6.900057],[24.734672,-6.902155],[24.734123,-6.902814],[24.734824,-6.904064],[24.737344,-6.908559],[24.736263,-6.909911],[24.7359,-6.910365],[24.735506,-6.910857],[24.731202,-6.912457],[24.729221,-6.913193],[24.725616,-6.914533],[24.726825,-6.916399],[24.728147,-6.918439],[24.727803,-6.919358],[24.72764,-6.919794],[24.727459,-6.920278],[24.720558,-6.921197],[24.72171,-6.926482],[24.71739,-6.926276],[24.716879,-6.926252],[24.714809,-6.92878],[24.710209,-6.929009],[24.707103,-6.931957],[24.70561,-6.933374],[24.706302,-6.938659],[24.704921,-6.941876],[24.698711,-6.943254],[24.698281,-6.946414],[24.698023,-6.948309],[24.695034,-6.948539],[24.69247,-6.951099],[24.690433,-6.953134],[24.68519,-6.952657],[24.682842,-6.952444],[24.674268,-6.954156],[24.671467,-6.954715],[24.66904,-6.9552],[24.661218,-6.950604],[24.656389,-6.950833],[24.65622,-6.951171],[24.655468,-6.952672],[24.653735,-6.955558],[24.653163,-6.95651],[24.65271,-6.957265],[24.646037,-6.959829],[24.6452,-6.960151],[24.643739,-6.960712],[24.642591,-6.975416],[24.643698,-6.979278],[24.643974,-6.980242],[24.619492,-6.983269],[24.553782,-7.01288],[24.547114,-7.009091],[24.53748,-6.996169],[24.536117,-6.994731],[24.529326,-6.987572],[24.52413,-6.987625],[24.520386,-6.990075],[24.516218,-6.995905],[24.50463,-7.044249],[24.498059,-7.047209],[24.483042,-7.054115],[24.474631,-7.054201],[24.471234,-7.054236],[24.451966,-7.053949],[24.431517,-7.051751],[24.413492,-7.046632],[24.397426,-7.046315],[24.379643,-7.058071],[24.352732,-7.055283],[24.349472,-7.056761],[24.34514,-7.058725],[24.329993,-7.053064],[24.325663,-7.051445],[24.322365,-7.050213],[24.31942,-7.046252],[24.316385,-7.042168],[24.309713,-7.040786],[24.308563,-7.034582],[24.308154,-7.034071],[24.306722,-7.032284],[24.303962,-7.031363],[24.302613,-7.032296],[24.302288,-7.03252],[24.300972,-7.03343],[24.299628,-7.033345],[24.297291,-7.033197],[24.292816,-7.028929],[24.29223,-7.02837],[24.289921,-7.02887],[24.286939,-7.029516],[24.283258,-7.027215],[24.282448,-7.026709],[24.279579,-7.024916],[24.276604,-7.025033],[24.273826,-7.025143],[24.272387,-7.022264],[24.271903,-7.021296],[24.271528,-7.020546],[24.266468,-7.017327],[24.265479,-7.017152],[24.265074,-7.01708],[24.258646,-7.015944],[24.253814,-7.01663],[24.249902,-7.020533],[24.244842,-7.0203],[24.24464,-7.020142],[24.241621,-7.017771],[24.239296,-7.018513],[24.238753,-7.018686],[24.23587,-7.019606],[24.234058,-7.01888],[24.233797,-7.018776],[24.23242,-7.018225],[24.231041,-7.015008],[24.225517,-7.017072],[24.224232,-7.015865],[24.223282,-7.014973],[24.217928,-7.009944],[24.21977,-7.00581],[24.220053,-7.005546],[24.221397,-7.004295],[24.223221,-7.002595],[24.226442,-7.002138],[24.226687,-7.001619],[24.227135,-7.000671],[24.228285,-6.998233],[24.228652,-6.994198],[24.228744,-6.993179],[24.228565,-6.992697],[24.225757,-6.985135],[24.22631,-6.982487],[24.226604,-6.981082],[24.227152,-6.978458],[24.227491,-6.976835],[24.227673,-6.97596],[24.228059,-6.974108],[24.219093,-6.959168],[24.217025,-6.950434],[24.216408,-6.949883],[24.210586,-6.944686],[24.210189,-6.943579],[24.209742,-6.942332],[24.207369,-6.935722],[24.202104,-6.92734],[24.201288,-6.92604],[24.20116,-6.925837],[24.19104,-6.922384],[24.18983,-6.918603],[24.189307,-6.916966],[24.187364,-6.910893],[24.179542,-6.909279],[24.178507,-6.907783],[24.178111,-6.907209],[24.177475,-6.90629],[24.159763,-6.901911],[24.156635,-6.901669],[24.150793,-6.901216],[24.148912,-6.902154],[24.148582,-6.902318],[24.147112,-6.903051],[24.148031,-6.907877],[24.146188,-6.916378],[24.147036,-6.919564],[24.158144,-6.928795],[24.157453,-6.932241],[24.152699,-6.937859],[24.148708,-6.942575],[24.139108,-6.943131],[24.125244,-6.943935],[24.121793,-6.94669],[24.123323,-6.954807],[24.124089,-6.95887],[24.125352,-6.959904],[24.126617,-6.96094],[24.13582,-6.958879],[24.136976,-6.959008],[24.139961,-6.959342],[24.141183,-6.968212],[24.141796,-6.972669],[24.144033,-6.975577],[24.146259,-6.978471],[24.151914,-6.982327],[24.152374,-6.984625],[24.149381,-6.988759],[24.135807,-6.996101],[24.134468,-6.997155],[24.131433,-6.999544],[24.130512,-7.003449],[24.13212,-7.007816],[24.13672,-7.011725],[24.142169,-7.014393],[24.147531,-7.017018],[24.147068,-7.022072],[24.143788,-7.03331],[24.141771,-7.040219],[24.1417,-7.041289],[24.141077,-7.050557],[24.126583,-7.048249],[24.124283,-7.050315],[24.123266,-7.05713],[24.122474,-7.062429],[24.121861,-7.066531],[24.121744,-7.067315],[24.121131,-7.068233],[24.119903,-7.07007],[24.113264,-7.072034],[24.113462,-7.065011],[24.108631,-7.062711],[24.105799,-7.06307],[24.09966,-7.06385],[24.09713,-7.061322],[24.091839,-7.061778],[24.090552,-7.063489],[24.089767,-7.064532],[24.084934,-7.065447],[24.08079,-7.06958],[24.074812,-7.067507],[24.066528,-7.06796],[24.065751,-7.068675],[24.063536,-7.070714],[24.061233,-7.074848],[24.060539,-7.083577],[24.055706,-7.089087],[24.050403,-7.109759],[24.047368,-7.112654],[24.045109,-7.114809],[24.03153,-7.122149],[24.030607,-7.12881],[24.026695,-7.131105],[24.019362,-7.150546],[24.014482,-7.163485],[24.011582,-7.165526],[24.006657,-7.168991],[24.004583,-7.17203],[24.003259,-7.173971],[24.002742,-7.174731],[23.989091,-7.181535],[23.988523,-7.181867],[23.98387,-7.18459],[23.98295,-7.18712],[23.986425,-7.195781],[23.986465,-7.195881],[23.985964,-7.196514],[23.983017,-7.200223],[23.982479,-7.2009],[23.979255,-7.202045],[23.978403,-7.201488],[23.977655,-7.200999],[23.973276,-7.198135],[23.970422,-7.202045],[23.969591,-7.203185],[23.963836,-7.206396],[23.963249,-7.207225],[23.961073,-7.210299],[23.962913,-7.212367],[23.963486,-7.215522],[23.963831,-7.217423],[23.963026,-7.221527],[23.961985,-7.226839],[23.963362,-7.231434],[23.964928,-7.235438],[23.965429,-7.236719],[23.967668,-7.239221],[23.977157,-7.249824],[23.985164,-7.261507],[23.985664,-7.262236],[23.984541,-7.262773],[23.97991,-7.264987],[23.978454,-7.268251],[23.978068,-7.269119],[23.97856,-7.271385],[23.97909,-7.273824],[23.978967,-7.274346],[23.974594,-7.285479],[23.973096,-7.289293],[23.972992,-7.289558],[23.974765,-7.292313],[23.977039,-7.295849],[23.976828,-7.296068],[23.973991,-7.299009],[23.971181,-7.301918],[23.97114,-7.30196],[23.97436,-7.31138],[23.967657,-7.315387],[23.965152,-7.316884],[23.965035,-7.317064],[23.962158,-7.321475],[23.962116,-7.321935],[23.961694,-7.326528],[23.965141,-7.333881],[23.966287,-7.341462],[23.966867,-7.342195],[23.967399,-7.342868],[23.968849,-7.344703],[23.969738,-7.345829],[23.971876,-7.346607],[23.973108,-7.347055],[23.975365,-7.347876],[23.977331,-7.348592],[23.986678,-7.349209],[23.987917,-7.349291],[23.994589,-7.354809],[23.996195,-7.361013],[24.000566,-7.365151],[24.009312,-7.36447],[24.009656,-7.367109],[24.01,-7.369752],[24.007005,-7.375262],[24.004508,-7.377039],[24.003782,-7.377556],[23.991354,-7.378004],[23.983524,-7.383509],[23.978691,-7.384883],[23.978841,-7.385635],[23.979379,-7.38833],[23.97523,-7.40119],[23.975266,-7.401426],[23.97683,-7.41175],[23.974529,-7.417721],[23.974754,-7.425071],[23.97175,-7.445278],[23.966915,-7.449866],[23.966755,-7.45133],[23.966304,-7.455454],[23.966085,-7.457474],[23.965988,-7.458363],[23.961843,-7.462493],[23.963848,-7.471859],[23.961022,-7.477071],[23.95611,-7.486127],[23.957454,-7.488667],[23.955379,-7.4928],[23.953905,-7.493779],[23.950693,-7.495912],[23.949854,-7.496469],[23.948702,-7.497616],[23.94808,-7.502632],[23.947,-7.511339],[23.946851,-7.512541],[23.938562,-7.516666],[23.931659,-7.522636],[23.929809,-7.524236],[23.929205,-7.525495],[23.927274,-7.529515],[23.930218,-7.536577],[23.930721,-7.537785],[23.932906,-7.54307],[23.935089,-7.548353],[23.934395,-7.553174],[23.933164,-7.553019],[23.932554,-7.552943],[23.927025,-7.558219],[23.921495,-7.566021],[23.922414,-7.567858],[23.93001,-7.57154],[23.930905,-7.573714],[23.931617,-7.575445],[23.930921,-7.583941],[23.935062,-7.590145],[23.936439,-7.595198],[23.925836,-7.61723],[23.926033,-7.617679],[23.927448,-7.620907],[23.927667,-7.626532],[23.927671,-7.626647],[23.925599,-7.632612],[23.923061,-7.636974],[23.924209,-7.63996],[23.928371,-7.65344],[23.930874,-7.66155],[23.93109,-7.664592],[23.931329,-7.667979],[23.929716,-7.672339],[23.921882,-7.680827],[23.923081,-7.681157],[23.931089,-7.683362],[23.932137,-7.684539],[23.93293,-7.68543],[23.928091,-7.691395],[23.92486,-7.703789],[23.923494,-7.706151],[23.92048,-7.711361],[23.919784,-7.717789],[23.92059,-7.721082],[23.922312,-7.728123],[23.931612,-7.745134],[23.933067,-7.747796],[23.935845,-7.752877],[23.9414,-7.763038],[23.94807,-7.774523],[23.949964,-7.776504],[23.952903,-7.779579],[23.951978,-7.786006],[23.9575,-7.793587],[23.957967,-7.794938],[23.959799,-7.800246],[23.961174,-7.812873],[23.959843,-7.816074],[23.958406,-7.819528],[23.951263,-7.826178],[23.951438,-7.826516],[23.95494,-7.8333],[23.938987,-7.840726],[23.921181,-7.850776],[23.909942,-7.85763],[23.902457,-7.862761],[23.868328,-7.871052],[23.857735,-7.873567],[23.831416,-7.882982],[23.824147,-7.886666],[23.819073,-7.89514],[23.82234,-7.925185],[23.822148,-7.944677],[23.821335,-7.953828],[23.811843,-7.957557],[23.811844,-7.954343],[23.811845,-7.952737],[23.813092,-7.95026],[23.813923,-7.948607],[23.812313,-7.944933],[23.814623,-7.936214],[23.812337,-7.928422],[23.810716,-7.922897],[23.810839,-7.918183],[23.810955,-7.913716],[23.805904,-7.89397],[23.805658,-7.892561],[23.803304,-7.8791],[23.80109,-7.86642],[23.800402,-7.865166],[23.79718,-7.859299],[23.780379,-7.849409],[23.774395,-7.844122],[23.771406,-7.836543],[23.763698,-7.830336],[23.755989,-7.824129],[23.754493,-7.825732],[23.749996,-7.830549],[23.739001,-7.85189],[23.735695,-7.858307],[23.725322,-7.868624],[23.7213,-7.873993],[23.71656,-7.88032],[23.716099,-7.882155],[23.715637,-7.883991],[23.716587,-7.886496],[23.718162,-7.890651],[23.718374,-7.895366],[23.718389,-7.895701],[23.716539,-7.903503],[23.716792,-7.904461],[23.717687,-7.907866],[23.713539,-7.911763],[23.713419,-7.914316],[23.713302,-7.916812],[23.708892,-7.921048],[23.706619,-7.923231],[23.706384,-7.927821],[23.704617,-7.929792],[23.703733,-7.930777],[23.702211,-7.932475],[23.691168,-7.944787],[23.690758,-7.947088],[23.690473,-7.948687],[23.691621,-7.952591],[23.68839,-7.959702],[23.688387,-7.963603],[23.688383,-7.967505],[23.684596,-7.97654],[23.682613,-7.981268],[23.685141,-7.987928],[23.683523,-7.992286],[23.691078,-8.0],[23.68992,-8.003351],[23.674129,-8.029344],[23.671957,-8.03608],[23.667755,-8.049106],[23.66823,-8.052776],[23.673728,-8.05909],[23.675401,-8.061012],[23.677148,-8.065283],[23.677591,-8.066367],[23.681213,-8.075223],[23.689071,-8.08185],[23.692787,-8.089871],[23.691947,-8.096956],[23.691671,-8.099285],[23.691793,-8.100225],[23.693809,-8.115805],[23.698291,-8.128741],[23.700798,-8.135979],[23.693322,-8.168602],[23.687473,-8.184169],[23.684425,-8.19228],[23.684688,-8.200772],[23.688201,-8.213205],[23.692398,-8.228062],[23.700552,-8.2503],[23.701374,-8.256778],[23.701978,-8.261544],[23.701369,-8.275431],[23.701343,-8.27601],[23.692703,-8.306041],[23.68997,-8.315541],[23.690933,-8.326098],[23.689594,-8.338042],[23.681867,-8.36723],[23.675115,-8.41088],[23.672364,-8.418236],[23.66918,-8.426745],[23.669394,-8.427273],[23.67011,-8.429038],[23.66829,-8.432865],[23.667593,-8.434328],[23.665669,-8.435458],[23.655396,-8.44149],[23.653768,-8.443196],[23.650341,-8.446789],[23.64758,-8.452071],[23.64553,-8.455991],[23.643591,-8.461974],[23.641655,-8.467945],[23.640091,-8.481729],[23.646896,-8.513393],[23.648565,-8.527626],[23.651128,-8.534735],[23.653179,-8.536963],[23.656515,-8.540587],[23.657827,-8.542015],[23.658079,-8.542289],[23.664939,-8.546245],[23.678659,-8.554156],[23.688177,-8.568819],[23.688419,-8.572033],[23.681524,-8.579178],[23.679237,-8.584468],[23.678146,-8.601007],[23.680717,-8.609725],[23.686765,-8.622104],[23.692796,-8.629662],[23.691605,-8.653998],[23.690885,-8.673943],[23.69606,-8.704568],[23.729001,-8.781284],[23.748412,-8.767002],[23.755013,-8.768612],[23.763004,-8.773411],[23.771667,-8.777075],[23.781441,-8.777783],[23.79552,-8.777366],[23.805056,-8.776936],[23.820067,-8.779251],[23.837605,-8.784758],[23.850556,-8.785248],[23.858066,-8.78686],[23.871475,-8.787806],[23.880312,-8.785327],[23.892309,-8.780581],[23.898662,-8.779687],[23.911197,-8.790467],[23.922687,-8.778242],[23.925077,-8.778231],[23.929846,-8.77821],[23.931734,-8.776693],[23.933298,-8.775437],[23.93535,-8.770145],[23.938358,-8.771509],[23.94277,-8.776543],[23.949709,-8.778808],[23.959173,-8.77796],[23.968637,-8.777112],[23.973032,-8.77847],[23.977228,-8.78649],[23.980079,-8.802785],[23.982872,-8.806907],[23.991214,-8.81284],[23.995868,-8.819708],[24.000507,-8.821973],[24.001795,-8.82321],[24.004377,-8.826434],[24.00798,-8.829647],[24.010543,-8.830868],[24.013876,-8.832582],[24.018255,-8.837037],[24.022537,-8.840941],[24.026238,-8.844704],[24.031123,-8.848652],[24.038326,-8.854827],[24.043209,-8.858525],[24.048366,-8.864222],[24.052994,-8.867923],[24.057384,-8.87338],[24.062269,-8.877328],[24.065629,-8.881795],[24.070002,-8.885499],[24.073857,-8.888458],[24.082546,-8.890109],[24.088425,-8.891292],[24.093043,-8.893991],[24.099702,-8.896667],[24.106142,-8.903101],[24.110284,-8.909311],[24.110575,-8.913063],[24.107806,-8.916851],[24.104038,-8.920015],[24.099209,-8.924176],[24.096248,-8.932462],[24.097896,-8.937966],[24.105976,-8.936546],[24.124875,-8.939205],[24.146908,-8.942305],[24.158243,-8.944772],[24.165661,-8.948867],[24.175367,-8.949044],[24.179196,-8.950522],[24.192968,-8.95584],[24.194519,-8.955756],[24.211911,-8.954817],[24.216445,-8.958076],[24.219898,-8.960558],[24.221424,-8.961656],[24.223766,-8.966927],[24.245544,-8.976223],[24.249725,-8.979876],[24.252065,-8.984916],[24.250492,-8.992276],[24.253779,-9.000758],[24.253024,-9.003131],[24.251508,-9.007894],[24.266754,-9.045256],[24.274223,-9.057159],[24.27491,-9.057791],[24.278354,-9.060964],[24.285215,-9.06728],[24.285381,-9.067433],[24.294594,-9.072729],[24.305565,-9.079034],[24.308119,-9.081313],[24.315794,-9.088163],[24.323578,-9.113161],[24.336601,-9.125261],[24.344253,-9.128892],[24.350271,-9.129774],[24.359564,-9.136611],[24.372552,-9.142506],[24.380886,-9.144293],[24.386924,-9.148391],[24.394613,-9.157305],[24.413648,-9.168215],[24.425001,-9.17159],[24.431665,-9.174849],[24.434746,-9.176354],[24.440199,-9.180465],[24.443811,-9.183189],[24.445198,-9.182951],[24.450803,-9.191188],[24.454807,-9.201962],[24.466596,-9.201196],[24.470564,-9.202481],[24.473551,-9.203448],[24.475587,-9.205812],[24.48241,-9.213732],[24.487266,-9.217506],[24.489153,-9.218972],[24.488608,-9.225327],[24.488912,-9.23033],[24.488958,-9.235086],[24.491596,-9.238029],[24.496683,-9.242506],[24.500268,-9.243966],[24.503091,-9.245686],[24.505654,-9.246908],[24.510505,-9.247352],[24.514089,-9.248561],[24.519482,-9.252253],[24.524333,-9.252697],[24.529197,-9.254393],[24.534036,-9.253585],[24.540405,-9.25276],[24.543986,-9.253719],[24.554218,-9.256604],[24.556531,-9.258329],[24.558861,-9.261806],[24.564259,-9.265999],[24.569637,-9.268189],[24.573519,-9.273902],[24.575339,-9.277385],[24.57486,-9.280646],[24.574894,-9.28415],[24.573429,-9.290926],[24.570137,-9.293468],[24.565298,-9.294276],[24.557648,-9.294616],[24.552546,-9.294676],[24.548737,-9.296473],[24.545433,-9.297763],[24.541114,-9.299566],[24.536787,-9.300618],[24.531938,-9.300424],[24.527345,-9.300228],[24.520455,-9.300058],[24.513308,-9.299641],[24.503613,-9.299504],[24.496215,-9.299591],[24.481421,-9.299764],[24.476319,-9.299823],[24.472238,-9.299871],[24.466626,-9.299937],[24.461012,-9.299752],[24.454385,-9.30033],[24.454363,-9.300334],[24.450311,-9.301129],[24.44725,-9.301165],[24.445465,-9.301186],[24.441381,-9.300983],[24.437555,-9.301028],[24.434001,-9.302822],[24.430434,-9.303364],[24.424058,-9.303439],[24.418191,-9.303508],[24.411046,-9.303341],[24.409496,-9.301356],[24.405141,-9.299405],[24.402308,-9.296684],[24.400758,-9.294699],[24.400746,-9.293448],[24.398173,-9.291225],[24.396871,-9.288486],[24.393308,-9.289279],[24.388962,-9.288328],[24.386379,-9.285104],[24.378168,-9.280193],[24.372037,-9.279264],[24.362825,-9.276367],[24.352087,-9.273989],[24.345956,-9.27306],[24.334458,-9.271192],[24.329859,-9.270494],[24.323732,-9.270065],[24.314292,-9.269925],[24.307145,-9.269508],[24.300265,-9.27034],[24.294425,-9.273162],[24.292644,-9.273684],[24.287545,-9.273994],[24.281423,-9.274065],[24.277352,-9.275114],[24.272763,-9.275418],[24.268429,-9.275719],[24.26666,-9.277492],[24.263381,-9.281286],[24.257261,-9.281608],[24.251426,-9.284931],[24.246618,-9.288992],[24.244879,-9.293769],[24.242865,-9.296547],[24.240355,-9.300832],[24.239109,-9.303851],[24.23331,-9.310928],[24.229003,-9.313983],[24.224922,-9.314031],[24.218069,-9.317616],[24.215297,-9.321153],[24.211463,-9.320447],[24.207841,-9.315232],[24.204001,-9.313775],[24.200653,-9.310559],[24.19526,-9.306867],[24.190902,-9.304665],[24.185791,-9.303724],[24.183257,-9.305506],[24.180473,-9.307791],[24.174654,-9.312866],[24.169101,-9.31894],[24.164293,-9.323001],[24.160504,-9.326801],[24.151151,-9.335672],[24.148119,-9.338712],[24.149683,-9.342199],[24.150001,-9.348704],[24.148002,-9.352983],[24.140631,-9.355823],[24.136023,-9.359167],[24.138548,-9.361256],[24.140438,-9.36282],[24.144666,-9.374059],[24.141948,-9.384873],[24.143364,-9.389693],[24.15175,-9.39953],[24.14636,-9.415887],[24.145605,-9.418179],[24.146091,-9.422542],[24.149184,-9.426471],[24.150055,-9.427577],[24.150204,-9.428177],[24.151712,-9.434233],[24.157776,-9.442244],[24.162235,-9.453021],[24.162666,-9.45821],[24.162731,-9.458994],[24.156603,-9.48109],[24.152919,-9.484788],[24.151586,-9.502217],[24.151407,-9.504561],[24.131033,-9.546958],[24.122812,-9.568378],[24.121233,-9.575969],[24.120493,-9.58121],[24.119356,-9.589263],[24.118978,-9.591941],[24.117887,-9.599661],[24.119787,-9.608386],[24.127843,-9.623041],[24.129614,-9.626263],[24.132023,-9.643029],[24.129972,-9.649475],[24.122374,-9.661307],[24.118715,-9.667004],[24.119451,-9.674584],[24.112367,-9.692551],[24.113542,-9.7017],[24.113577,-9.701969],[24.109903,-9.717773],[24.109726,-9.718538],[24.106506,-9.722923],[24.091258,-9.731302],[24.082014,-9.736381],[24.078736,-9.739739],[24.071642,-9.747006],[24.07001,-9.749719],[24.064289,-9.759228],[24.046993,-9.776094],[24.044762,-9.779],[24.040086,-9.785093],[24.031682,-9.802148],[24.028845,-9.807905],[24.028373,-9.808401],[24.027017,-9.809826],[24.021181,-9.815957],[24.019392,-9.817836],[24.012991,-9.835568],[24.020664,-9.840128],[24.027624,-9.841244],[24.027885,-9.846989],[24.023313,-9.859426],[24.019935,-9.879212],[24.021827,-9.886559],[24.025799,-9.892288],[24.033481,-9.898456],[24.059911,-9.897636],[24.061392,-9.898252],[24.070835,-9.90218],[24.079858,-9.904274],[24.087318,-9.906004],[24.104522,-9.914192],[24.105259,-9.921775],[24.108314,-9.929115],[24.1058,-9.936256],[24.100666,-9.939365],[24.093549,-9.943675],[24.086858,-9.950146],[24.085035,-9.956363],[24.085924,-9.992683],[24.09239,-10.0],[24.092884,-10.000559],[24.095026,-10.002981],[24.103586,-10.008407],[24.111775,-10.011065],[24.122248,-10.012445],[24.13335,-10.011749],[24.137277,-10.008969],[24.14019,-10.009167],[24.143543,-10.009396],[24.155868,-10.014618],[24.159734,-10.014491],[24.164217,-10.014344],[24.175787,-10.009224],[24.183868,-10.002513],[24.205848,-10.004707],[24.208122,-10.002427],[24.218252,-9.994799],[24.221814,-9.993755],[24.226908,-9.992945],[24.233304,-9.994873],[24.238945,-9.997811],[24.244836,-10.000245],[24.251495,-10.002921],[24.259172,-10.005335],[24.264028,-10.00628],[24.265323,-10.008267],[24.266651,-10.013759],[24.270781,-10.018718],[24.274921,-10.024678],[24.279043,-10.028885],[24.279082,-10.03289],[24.282191,-10.037861],[24.288345,-10.041043],[24.291994,-10.045127],[24.297493,-10.0336],[24.294893,-10.025797],[24.296264,-10.022572],[24.306904,-10.017222],[24.319338,-10.0],[24.322826,-9.995167],[24.325073,-9.992055],[24.330158,-9.988805],[24.340218,-9.988523],[24.350954,-9.988222],[24.356355,-9.986808],[24.359581,-9.98334],[24.362157,-9.987003],[24.362911,-9.996195],[24.364616,-10.0],[24.373499,-10.019811],[24.373328,-10.020575],[24.371694,-10.027868],[24.374532,-10.036358],[24.379764,-10.040623],[24.382929,-10.043203],[24.383073,-10.043692],[24.384351,-10.048023],[24.388738,-10.05514],[24.388269,-10.059401],[24.388318,-10.064408],[24.388111,-10.069417],[24.388152,-10.073672],[24.389724,-10.07791],[24.391532,-10.080142],[24.396412,-10.083589],[24.399249,-10.086811],[24.402077,-10.089031],[24.406192,-10.092487],[24.408779,-10.096212],[24.409059,-10.098713],[24.410371,-10.102452],[24.412445,-10.105933],[24.41451,-10.108412],[24.414996,-10.105903],[24.414704,-10.102151],[24.413883,-10.096403],[24.413327,-10.091653],[24.412521,-10.087406],[24.411675,-10.079155],[24.411622,-10.073648],[24.412096,-10.069887],[24.413072,-10.06537],[24.414552,-10.060095],[24.416306,-10.05682],[24.420596,-10.052013],[24.423881,-10.04872],[24.427136,-10.042424],[24.43069,-10.04063],[24.436244,-10.034556],[24.441506,-10.024731],[24.445796,-10.019924],[24.449579,-10.015374],[24.452822,-10.007826],[24.454797,-10.001043],[24.455521,-9.996779],[24.458555,-9.99399],[24.46132,-9.989701],[24.461791,-9.98569],[24.463022,-9.981545],[24.466334,-9.98063],[24.47044,-9.983086],[24.472014,-9.987573],[24.474601,-9.991298],[24.477701,-9.995268],[24.485907,-9.999678],[24.490279,-10.003382],[24.498743,-10.008039],[24.502343,-10.011001],[24.508016,-10.017194],[24.516994,-10.022346],[24.524187,-10.027519],[24.532926,-10.034176],[24.536528,-10.037388],[24.542456,-10.043578],[24.54478,-10.046555],[24.550195,-10.0525],[24.554332,-10.058209],[24.558989,-10.064914],[24.561081,-10.070147],[24.564722,-10.077364],[24.567849,-10.084087],[24.57124,-10.091808],[24.576147,-10.098009],[24.582615,-10.098232],[24.591417,-10.095391],[24.592802,-10.094944],[24.594397,-10.092958],[24.602462,-10.082921],[24.607755,-10.076907],[24.624834,-10.064372],[24.632959,-10.061339],[24.633629,-10.061091],[24.644281,-10.058487],[24.644739,-10.058457],[24.671415,-10.056685],[24.688188,-10.052086],[24.692947,-10.050781],[24.694683,-10.049352],[24.695484,-10.048693],[24.700712,-10.034401],[24.696672,-10.021556],[24.69733,-10.016723],[24.70356,-10.012079],[24.707683,-10.005382],[24.709512,-10.0],[24.711994,-9.992705],[24.713045,-9.993043],[24.714786,-9.993604],[24.720802,-10.0],[24.725309,-10.004792],[24.723954,-10.009633],[24.721698,-10.017693],[24.722347,-10.023397],[24.722692,-10.026423],[24.728071,-10.03213],[24.730209,-10.038552],[24.732256,-10.03971],[24.737432,-10.042638],[24.7454,-10.052925],[24.751801,-10.059904],[24.756395,-10.060101],[24.761004,-10.061799],[24.780426,-10.065327],[24.784021,-10.067789],[24.79401,-10.071928],[24.798376,-10.074881],[24.80786,-10.079526],[24.814523,-10.082703],[24.822924,-10.080852],[24.827703,-10.074141],[24.830209,-10.068144],[24.832609,-10.065861],[24.834352,-10.064203],[24.843605,-10.060453],[24.845428,-10.05653],[24.846071,-10.049857],[24.844191,-10.038087],[24.84387,-10.036079],[24.84279,-10.035055],[24.840711,-10.033084],[24.836538,-10.029125],[24.835455,-10.028097],[24.835176,-10.022351],[24.842181,-10.023978],[24.842846,-10.024132],[24.845267,-10.02693],[24.855493,-10.038747],[24.8635,-10.044555],[24.865528,-10.046025],[24.87068,-10.051732],[24.888176,-10.063319],[24.901098,-10.082529],[24.902088,-10.089189],[24.903936,-10.095676],[24.908868,-10.10438],[24.912764,-10.111595],[24.91643,-10.121315],[24.924405,-10.128232],[24.930289,-10.129915],[24.943028,-10.128264],[24.950399,-10.125424],[24.962621,-10.123028],[24.976827,-10.11939],[24.980678,-10.108321],[24.991792,-10.098791],[24.996111,-10.095087],[25.0,-10.09312],[25.010898,-10.087606],[25.020406,-10.083715],[25.02639,-10.081266],[25.029461,-10.081068],[25.038681,-10.080474],[25.051388,-10.074157],[25.053149,-10.073892],[25.056253,-10.073425],[25.058338,-10.070556],[25.058775,-10.069955],[25.059399,-10.069639],[25.059853,-10.069409],[25.06201,-10.068318],[25.072054,-10.049838],[25.062495,-10.047712],[25.061494,-10.047489],[25.041347,-10.043008],[25.040205,-10.042754],[25.016973,-10.039272],[25.006324,-10.04189],[25.0,-10.040472],[24.998418,-10.040119],[24.988599,-10.039609],[24.982973,-10.038173],[24.981418,-10.035688],[24.980879,-10.03269],[24.980811,-10.025681],[24.983272,-10.016389],[24.987851,-10.015084],[24.992688,-10.014026],[24.99881,-10.013955],[25.008765,-10.014589],[25.019226,-10.014717],[25.024565,-10.012902],[25.030913,-10.009824],[25.036508,-10.008006],[25.044624,-10.003154],[25.054516,-9.997281],[25.059827,-9.992462],[25.066663,-9.987125],[25.073771,-9.983537],[25.080105,-9.978956],[25.085427,-9.975389],[25.09437,-9.976787],[25.103069,-9.979439],[25.106912,-9.981146],[25.115582,-9.980794],[25.121702,-9.980472],[25.128329,-9.979894],[25.130566,-9.97386],[25.135607,-9.967542],[25.138865,-9.961496],[25.144466,-9.951492],[25.150932,-9.943079],[25.158244,-9.934231],[25.164284,-9.925649],[25.169344,-9.921334],[25.177468,-9.917233],[25.185873,-9.915883],[25.192733,-9.913049],[25.203138,-9.90742],[25.215098,-9.904276],[25.22501,-9.900405],[25.240631,-9.893606],[25.251186,-9.890085],[25.266665,-9.881642],[25.277099,-9.879016],[25.286503,-9.875402],[25.293099,-9.871569],[25.303771,-9.867189],[25.311136,-9.863848],[25.321558,-9.859971],[25.334533,-9.856314],[25.348757,-9.849889],[25.362468,-9.84322],[25.389395,-9.831389],[25.396255,-9.828555],[25.406658,-9.822675],[25.417096,-9.82055],[25.42395,-9.816965],[25.430825,-9.815633],[25.439497,-9.815531],[25.445622,-9.81571],[25.45073,-9.816401],[25.454838,-9.819107],[25.459692,-9.819801],[25.464551,-9.820996],[25.47221,-9.821657],[25.479124,-9.82433],[25.488307,-9.824223],[25.493642,-9.821907],[25.499722,-9.81758],[25.509345,-9.810208],[25.51518,-9.806885],[25.51999,-9.803074],[25.524555,-9.800266],[25.533973,-9.798153],[25.537289,-9.798115],[25.541587,-9.794059],[25.54212,-9.788127],[25.544569,-9.778676],[25.538974,-9.767866],[25.538179,-9.766328],[25.537672,-9.762197],[25.538696,-9.759452],[25.540601,-9.754348],[25.546344,-9.749692],[25.547229,-9.746439],[25.548353,-9.742316],[25.545066,-9.741874],[25.538837,-9.741035],[25.536949,-9.737836],[25.525274,-9.729681],[25.520801,-9.72306],[25.51909,-9.714572],[25.519247,-9.707444],[25.520511,-9.706397],[25.521774,-9.70535],[25.52766,-9.704432],[25.534359,-9.708284],[25.535017,-9.708662],[25.537496,-9.708711],[25.542665,-9.708813],[25.544731,-9.706952],[25.543529,-9.702827],[25.54486,-9.699615],[25.546015,-9.696825],[25.545307,-9.695458],[25.543647,-9.692252],[25.541128,-9.691938],[25.538543,-9.691615],[25.53494,-9.694762],[25.531885,-9.697431],[25.527246,-9.697019],[25.523971,-9.694063],[25.52301,-9.690856],[25.525907,-9.680021],[25.524527,-9.674617],[25.523976,-9.672456],[25.524158,-9.667108],[25.524328,-9.662108],[25.521955,-9.656847],[25.518221,-9.654127],[25.508949,-9.653761],[25.500978,-9.644877],[25.497523,-9.643833],[25.496563,-9.643543],[25.489347,-9.640398],[25.486522,-9.636058],[25.486259,-9.633075],[25.490377,-9.627976],[25.491746,-9.627735],[25.493152,-9.627487],[25.49942,-9.628802],[25.500191,-9.629673],[25.508095,-9.638598],[25.511956,-9.641276],[25.512994,-9.641996],[25.519254,-9.642392],[25.521312,-9.639842],[25.521267,-9.635475],[25.516957,-9.630491],[25.516342,-9.62978],[25.515316,-9.620365],[25.510866,-9.615813],[25.510124,-9.614305],[25.504001,-9.601863],[25.504217,-9.601389],[25.504541,-9.600671],[25.506717,-9.595859],[25.506456,-9.592874],[25.502466,-9.587857],[25.496661,-9.586537],[25.494303,-9.573924],[25.492244,-9.562907],[25.492931,-9.5595],[25.493126,-9.558532],[25.490673,-9.551664],[25.490263,-9.550516],[25.490556,-9.54914],[25.491146,-9.546369],[25.492536,-9.545039],[25.495273,-9.54242],[25.497982,-9.535726],[25.502559,-9.508559],[25.502502,-9.503043],[25.498702,-9.496838],[25.498026,-9.495734],[25.50164,-9.487193],[25.502924,-9.487358],[25.51161,-9.488471],[25.509675,-9.502511],[25.510048,-9.504046],[25.5104,-9.505491],[25.516674,-9.507495],[25.530351,-9.508964],[25.537257,-9.505447],[25.537721,-9.50521],[25.543407,-9.506052],[25.549318,-9.506928],[25.552603,-9.509],[25.55398,-9.509869],[25.556942,-9.510505],[25.559087,-9.510965],[25.568109,-9.510181],[25.578598,-9.516507],[25.590183,-9.517075],[25.600165,-9.512995],[25.606724,-9.507432],[25.611571,-9.502199],[25.619149,-9.496959],[25.626364,-9.493351],[25.633213,-9.491702],[25.636989,-9.49006],[25.640748,-9.489724],[25.645142,-9.492975],[25.647453,-9.498841],[25.650396,-9.508621],[25.652051,-9.512531],[25.654695,-9.519049],[25.662429,-9.527837],[25.671879,-9.535968],[25.67623,-9.542481],[25.68396,-9.551595],[25.694429,-9.56005],[25.700141,-9.566885],[25.709633,-9.571754],[25.717389,-9.578911],[25.723126,-9.583789],[25.727521,-9.58704],[25.736309,-9.593541],[25.743075,-9.59809],[25.752239,-9.601981],[25.760034,-9.606201],[25.765819,-9.607491],[25.773959,-9.611384],[25.784817,-9.616249],[25.789898,-9.619172],[25.796348,-9.621764],[25.804519,-9.623374],[25.810978,-9.625314],[25.817757,-9.628885],[25.824528,-9.633108],[25.828874,-9.639947],[25.833571,-9.646133],[25.836583,-9.650693],[25.841314,-9.654269],[25.845025,-9.657521],[25.850111,-9.660118],[25.857901,-9.664664],[25.865704,-9.668232],[25.876536,-9.675055],[25.879884,-9.679939],[25.888016,-9.684485],[25.894458,-9.68773],[25.902257,-9.691624],[25.90767,-9.695199],[25.914786,-9.699095],[25.926366,-9.701021],[25.934894,-9.701325],[25.944452,-9.701299],[25.959146,-9.699955],[25.972851,-9.696004],[25.982455,-9.69239],[25.99171,-9.689429],[25.998225,-9.687128],[26.007817,-9.684492],[26.014997,-9.683494],[26.022861,-9.682495],[26.028698,-9.679869],[26.032156,-9.67752],[26.03352,-9.676594],[26.03555,-9.677894],[26.035535,-9.679043],[26.035494,-9.682135],[26.034756,-9.686378],[26.034695,-9.690946],[26.033628,-9.694211],[26.032198,-9.699108],[26.031084,-9.705962],[26.031326,-9.713465],[26.032609,-9.71966],[26.03769,-9.722583],[26.038728,-9.722541],[26.046228,-9.722234],[26.053071,-9.720911],[26.062996,-9.718927],[26.073257,-9.717269],[26.083177,-9.715611],[26.088319,-9.713966],[26.098576,-9.712634],[26.104054,-9.711314],[26.108146,-9.71163],[26.111174,-9.714884],[26.115901,-9.718786],[26.122792,-9.720657],[26.123043,-9.720725],[26.128859,-9.71973],[26.134017,-9.716781],[26.13462,-9.71621],[26.138511,-9.712527],[26.141289,-9.708931],[26.145747,-9.707288],[26.148487,-9.706628],[26.154596,-9.709222],[26.159703,-9.710187],[26.164823,-9.710174],[26.172695,-9.708521],[26.17613,-9.706881],[26.179573,-9.704588],[26.183704,-9.701967],[26.188504,-9.700323],[26.192258,-9.700313],[26.196665,-9.702585],[26.201742,-9.705834],[26.205091,-9.710719],[26.212578,-9.71233],[26.220109,-9.710679],[26.226455,-9.704355],[26.232431,-9.7006],[26.233631,-9.698897],[26.242896,-9.685753],[26.247215,-9.681648],[26.249759,-9.679229],[26.251186,-9.678435],[26.256913,-9.675252],[26.260341,-9.673346],[26.268699,-9.674617],[26.280039,-9.669739],[26.290369,-9.662861],[26.297247,-9.658927],[26.301049,-9.655328],[26.308269,-9.651394],[26.314797,-9.648115],[26.320284,-9.646142],[26.326125,-9.643191],[26.332636,-9.641216],[26.328296,-9.626714],[26.32585,-9.624025],[26.321476,-9.619217],[26.323036,-9.6146],[26.324659,-9.611939],[26.32543,-9.610676],[26.32795,-9.606544],[26.336179,-9.59305],[26.366609,-9.565293],[26.370298,-9.564094],[26.385175,-9.551024],[26.395601,-9.534565],[26.400642,-9.53059],[26.406313,-9.522009],[26.410349,-9.518849],[26.423038,-9.508911],[26.427549,-9.500347],[26.43036,-9.497781],[26.431894,-9.496381],[26.436962,-9.494473],[26.447262,-9.485828],[26.451936,-9.472434],[26.458523,-9.46315],[26.462326,-9.453675],[26.469492,-9.452888],[26.477256,-9.445196],[26.479969,-9.440562],[26.475969,-9.436021],[26.482315,-9.42628],[26.477375,-9.404284],[26.473316,-9.395376],[26.465545,-9.386059],[26.465133,-9.373195],[26.468301,-9.367865],[26.473114,-9.364581],[26.474384,-9.35606],[26.477364,-9.353952],[26.478408,-9.345893],[26.485167,-9.33293],[26.483951,-9.32881],[26.490343,-9.322516],[26.498748,-9.295053],[26.496286,-9.284514],[26.501297,-9.278931],[26.502243,-9.26398],[26.499464,-9.263788],[26.498018,-9.259671],[26.494066,-9.258347],[26.493288,-9.252382],[26.488331,-9.245327],[26.485082,-9.244682],[26.48271,-9.240578],[26.477146,-9.239736],[26.469459,-9.235934],[26.477715,-9.230765],[26.475832,-9.228493],[26.470728,-9.227414],[26.466263,-9.22242],[26.464573,-9.217386],[26.469171,-9.215486],[26.473425,-9.205316],[26.478698,-9.202026],[26.482277,-9.193245],[26.482611,-9.184049],[26.493156,-9.177469],[26.49542,-9.17399],[26.497947,-9.156262],[26.501123,-9.152082],[26.512916,-9.151918],[26.52535,-9.148069],[26.526861,-9.140466],[26.536249,-9.133901],[26.540065,-9.125806],[26.544657,-9.123444],[26.548216,-9.113513],[26.547426,-9.10686],[26.553354,-9.101033],[26.561968,-9.088964],[26.56747,-9.08567],[26.572791,-9.085825],[26.581251,-9.079272],[26.58558,-9.074844],[26.587125,-9.069768],[26.588953,-9.068363],[26.597269,-9.067786],[26.602853,-9.070234],[26.607711,-9.070396],[26.610391,-9.063923],[26.616173,-9.064072],[26.622558,-9.058006],[26.624973,-9.049241],[26.629543,-9.045499],[26.63269,-9.03948],[26.641363,-9.031773],[26.646894,-9.030545],[26.653444,-9.020112],[26.660064,-9.014503],[26.67087,-9.010441],[26.673361,-9.006958],[26.674812,-8.995679],[26.677547,-8.993112],[26.678802,-8.984133],[26.677231,-8.97152],[26.6732,-8.964685],[26.677404,-8.951987],[26.680089,-8.899106],[26.691621,-8.866546],[26.70677,-8.859893],[26.720865,-8.844525],[26.73185,-8.83724],[26.732471,-8.832869],[26.72933,-8.823496],[26.72929,-8.82075],[26.730589,-8.814977],[26.728893,-8.809718],[26.72632,-8.807],[26.713617,-8.791755],[26.713554,-8.78789],[26.715467,-8.776835],[26.711099,-8.762656],[26.717886,-8.753139],[26.719726,-8.752653],[26.718778,-8.751059],[26.719867,-8.746677],[26.715446,-8.744446],[26.71496,-8.742844],[26.721563,-8.736546],[26.720964,-8.727366],[26.722471,-8.719994],[26.718672,-8.712928],[26.71425,-8.695076],[26.716024,-8.690227],[26.719211,-8.687194],[26.727474,-8.683857],[26.730646,-8.679906],[26.732135,-8.671385],[26.751159,-8.677537],[26.755253,-8.688732],[26.75736,-8.690768],[26.760364,-8.690953],[26.770397,-8.682536],[26.764595,-8.680554],[26.76057,-8.673953],[26.757536,-8.671701],[26.753116,-8.669469],[26.760442,-8.665456],[26.773199,-8.654012],[26.776452,-8.655342],[26.777904,-8.659914],[26.786035,-8.66324],[26.792288,-8.664525],[26.796865,-8.66193],[26.810861,-8.671369],[26.818012,-8.671032],[26.82304,-8.682671],[26.830713,-8.686232],[26.830789,-8.691283],[26.83526,-8.696729],[26.835915,-8.709353],[26.828292,-8.724169],[26.830444,-8.72896],[26.826357,-8.733616],[26.824404,-8.741685],[26.826107,-8.762564],[26.827536,-8.765299],[26.831705,-8.766154],[26.834152,-8.775077],[26.84256,-8.781154],[26.849722,-8.781275],[26.856069,-8.773599],[26.863405,-8.770042],[26.875004,-8.75838],[26.886253,-8.754074],[26.894649,-8.744529],[26.906561,-8.738374],[26.923149,-8.721122],[26.941995,-8.715549],[26.956114,-8.702926],[26.958101,-8.697152],[26.957002,-8.686143],[26.958318,-8.681759],[26.967828,-8.669896],[26.976299,-8.665402],[27.006349,-8.638747],[27.032245,-8.612615],[27.038883,-8.609065],[27.052528,-8.582206],[27.059597,-8.576812],[27.068071,-8.572773],[27.071679,-8.567323],[27.078876,-8.563721],[27.085114,-8.5606],[27.085578,-8.555131],[27.081716,-8.548732],[27.071844,-8.541412],[27.061763,-8.54479],[27.050238,-8.547462],[27.033889,-8.543264],[27.020907,-8.540476],[27.01201,-8.537906],[27.008466,-8.534731],[27.006469,-8.532941],[27.00546,-8.516543],[27.015465,-8.487014],[27.034614,-8.462667],[27.056165,-8.438307],[27.121267,-8.353325],[27.156209,-8.307009],[27.163739,-8.294845],[27.166252,-8.290784],[27.164179,-8.28555],[27.174089,-8.271383],[27.19497,-8.252104],[27.21508,-8.227738],[27.219381,-8.219628],[27.226268,-8.207159],[27.234076,-8.206236],[27.25111,-8.204223],[27.257662,-8.200881],[27.264135,-8.197578],[27.264506,-8.197052],[27.265938,-8.195023],[27.265171,-8.190674],[27.278356,-8.179894],[27.281375,-8.181941],[27.28232,-8.182582],[27.285072,-8.181848],[27.287475,-8.180229],[27.290313,-8.178316],[27.295354,-8.17269],[27.298456,-8.169227],[27.306484,-8.167026],[27.308374,-8.167411],[27.310648,-8.167874],[27.316378,-8.172629],[27.317426,-8.1735],[27.325474,-8.172446],[27.331528,-8.175123],[27.331976,-8.175322],[27.335256,-8.178481],[27.337162,-8.182651],[27.33765,-8.183721],[27.338634,-8.184331],[27.341612,-8.186179],[27.366037,-8.185995],[27.378118,-8.178214],[27.3811,-8.176966],[27.389559,-8.173427],[27.40496,-8.162375],[27.422332,-8.149907],[27.427038,-8.149254],[27.43176,-8.148598],[27.440579,-8.14427],[27.449451,-8.139916],[27.455518,-8.136938],[27.465841,-8.134234],[27.471555,-8.128913],[27.475136,-8.125578],[27.484066,-8.109353],[27.50157,-8.099249],[27.505916,-8.106367],[27.514087,-8.107278],[27.533286,-8.100043],[27.559661,-8.081825],[27.5712,-8.084147],[27.590912,-8.087857],[27.607227,-8.08016],[27.61828,-8.080581],[27.635085,-8.076213],[27.641333,-8.076658],[27.642793,-8.082839],[27.644272,-8.095683],[27.650055,-8.101366],[27.658234,-8.105133],[27.673166,-8.117434],[27.681853,-8.130241],[27.681392,-8.136907],[27.674698,-8.148362],[27.681932,-8.157368],[27.693447,-8.1516],[27.699208,-8.149668],[27.702582,-8.153458],[27.696893,-8.179661],[27.696444,-8.190608],[27.698873,-8.199637],[27.736265,-8.169471],[27.763147,-8.160296],[27.789078,-8.154456],[27.807328,-8.15151],[27.822224,-8.151435],[27.837543,-8.144527]]]}},
{"type":"Feature","properties":{"minmod_id":"Q3012","name":"Lualaba"},"geometry":{"type":"Polygon","coordinates":[[[26.332636,-9.641216],[26.326125,-9.643191],[26.320284,-9.646142],[26.314797,-9.648115],[26.308269,-9.651394],[26.301049,-9.655328],[26.297247,-9.658927],[26.290369,-9.662861],[26.280039,-9.669739],[26.268699,-9.674617],[26.260341,-9.673346],[26.256913,-9.675252],[26.251186,-9.678435],[26.249759,-9.679229],[26.247215,-9.681648],[26.242896,-9.685753],[26.233631,-9.698897],[26.232431,-9.7006],[26.226455,-9.704355],[26.220109,-9.710679],[26.212578,-9.71233],[26.205091,-9.710719],[26.201742,-9.705834],[26.196665,-9.702585],[26.192258,-9.700313],[26.188504,-9.700323],[26.183704,-9.701967],[26.179573,-9.704588],[26.17613,-9.706881],[26.172695,-9.708521],[26.164823,-9.710174],[26.159703,-9.710187],[26.154596,-9.709222],[26.148487,-9.706628],[26.145747,-9.707288],[26.141289,-9.708931],[26.138511,-9.712527],[26.13462,-9.71621],[26.134017,-9.716781],[26.128859,-9.71973],[26.123043,-9.720725],[26.122792,-9.720657],[26.115901,-9.718786],[26.111174,-9.714884],[26.108146,-9.71163],[26.104054,-9.711314],[26.098576,-9.712634],[26.088319,-9.713966],[26.083177,-9.715611],[26.073257,-9.717269],[26.062996,-9.718927],[26.053071,-9.720911],[26.046228,-9.722234],[26.038728,-9.722541],[26.03769,-9.722583],[26.032609,-9.71966],[26.031326,-9.713465],[26.031084,-9.705962],[26.032198,-9.699108],[26.033628,-9.694211],[26.034695,-9.690946],[26.034756,-9.686378],[26.035494,-9.682135],[26.035535,-9.679043],[26.03555,-9.677894],[26.03352,-9.676594],[26.032156,-9.67752],[26.028698,-9.679869],[26.022861,-9.682495],[26.014997,-9.683494],[26.007817,-9.684492],[25.998225,-9.687128],[25.99171,-9.689429],[25.982455,-9.69239],[25.972851,-9.696004],[25.959146,-9.699955],[25.944452,-9.701299],[25.934894,-9.701325],[25.926366,-9.701021],[25.914786,-9.699095],[25.90767,-9.695199],[25.902257,-9.691624],[25.894458,-9.68773],[25.888016,-9.684485],[25.879884,-9.679939],[25.876536,-9.675055],[25.865704,-9.668232],[25.857901,-9.664664],[25.850111,-9.660118],[25.845025,-9.657521],[25.841314,-9.654269],[25.836583,-9.650693],[25.833571,-9.646133],[25.828874,-9.639947],[25.824528,-9.633108],[25.817757,-9.628885],[25.810978,-9.625314],[25.804519,-9.623374],[25.796348,-9.621764],[25.789898,-9.619172],[25.784817,-9.616249],[25.773959,-9.611384],[25.765819,-9.607491],[25.760034,-9.606201],[25.752239,-9.601981],[25.743075,-9.59809],[25.736309,-9.593541],[25.727521,-9.58704],[25.723126,-9.583789],[25.717389,-9.578911],[25.709633,-9.571754],[25.700141,-9.566885],[25.694429,-9.56005],[25.68396,-9.551595],[25.67623,-9.542481],[25.671879,-9.535968],[25.662429,-9.527837],[25.654695,-9.519049],[25.652051,-9.512531],[25.650396,-9.508621],[25.647453,-9.498841],[25.645142,-9.492975],[25.640748,-9.489724],[25.636989,-9.49006],[25.633213,-9.491702],[25.626364,-9.493351],[25.619149,-9.496959],[25.611571,-9.502199],[25.606724,-9.507432],[25.600165,-9.512995],[25.590183,-9.517075],[25.578598,-9.516507],[25.568109,-9.510181],[25.559087,-9.510965],[25.556942,-9.510505],[25.55398,-9.509869],[25.552603,-9.509],[25.549318,-9.506928],[25.543407,-9.506052],[25.537721,-9.50521],[25.537257,-9.505447],[25.530351,-9.508964],[25.516674,-9.507495],[25.5104,-9.505491],[25.510048,-9.504046],[25.509675,-9.502511],[25.51161,-9.488471],[25.502924,-9.487358],[25.50164,-9.487193],[25.498026,-9.495734],[25.498702,-9.496838],[25.502502,-9.503043],[25.502559,-9.508559],[25.497982,-9.535726],[25.495273,-9.54242],[25.492536,-9.545039],[25.491146,-9.546369],[25.490556,-9.54914],[25.490263,-9.550516],[25.490673,-9.551664],[25.493126,-9.558532],[25.492931,-9.5595],[25.492244,-9.562907],[25.494303,-9.573924],[25.496661,-9.586537],[25.502466,-9.587857],[25.506456,-9.592874],[25.506717,-9.595859],[25.504541,-9.600671],[25.504217,-9.601389],[25.504001,-9.601863],[25.510124,-9.614305],[25.510866,-9.615813],[25.515316,-9.620365],[25.516342,-9.62978],[25.516957,-9.630491],[25.521267,-9.635475],[25.521312,-9.639842],[25.519254,-9.642392],[25.512994,-9.641996],[25.511956,-9.641276],[25.508095,-9.638598],[25.500191,-9.629673],[25.49942,-9.628802],[25.493152,-9.627487],[25.491746,-9.627735],[25.490377,-9.627976],[25.486259,-9.633075],[25.486522,-9.636058],[25.489347,-9.640398],[25.496563,-9.643543],[25.497523,-9.643833],[25.500978,-9.644877],[25.508949,-9.653761],[25.518221,-9.654127],[25.521955,-9.656847],[25.524328,-9.662108],[25.524158,-9.667108],[25.523976,-9.672456],[25.524527,-9.674617],[25.525907,-9.680021],[25.52301,-9.690856],[25.523971,-9.694063],[25.527246,-9.697019],[25.531885,-9.697431],[25.53494,-9.694762],[25.538543,-9.691615],[25.541128,-9.691938],[25.543647,-9.692252],[25.545307,-9.695458],[25.546015,-9.696825],[25.54486,-9.699615],[25.543529,-9.702827],[25.544731,-9.706952],[25.542665,-9.708813],[25.537496,-9.708711],[25.535017,-9.708662],[25.534359,-9.708284],[25.52766,-9.704432],[25.521774,-9.70535],[25.520511,-9.706397],[25.519247,-9.707444],[25.51909,-9.714572],[25.520801,-9.72306],[25.525274,-9.729681],[25.536949,-9.737836],[25.538837,-9.741035],[25.545066,-9.741874],[25.548353,-9.742316],[25.547229,-9.746439],[25.546344,-9.749692],[25.540601,-9.754348],[25.538696,-9.759452],[25.537672,-9.762197],[25.538179,-9.766328],[25.538974,-9.767866],[25.544569,-9.778676],[25.54212,-9.788127],[25.541587,-9.794059],[25.537289,-9.798115],[25.533973,-9.798153],[25.524555,-9.800266],[25.51999,-9.803074],[25.51518,-9.806885],[25.509345,-9.810208],[25.499722,-9.81758],[25.493642,-9.821907],[25.488307,-9.824223],[25.479124,-9.82433],[25.47221,-9.821657],[25.464551,-9.820996],[25.459692,-9.819801],[25.454838,-9.819107],[25.45073,-9.816401],[25.445622,-9.81571],[25.439497,-9.815531],[25.430825,-9.815633],[25.42395,-9.816965],[25.417096,-9.82055],[25.406658,-9.822675],[25.396255,-9.828555],[25.389395,-9.831389],[25.362468,-9.84322],[25.348757,-9.849889],[25.334533,-9.856314],[25.321558,-9.859971],[25.311136,-9.863848],[25.303771,-9.867189],[25.293099,-9.871569],[25.286503,-9.875402],[25.277099,-9.879016],[25.266665,-9.881642],[25.251186,-9.890085],[25.240631,-9.893606],[25.22501,-9.900405],[25.215098,-9.904276],[25.203138,-9.90742],[25.192733,-9.913049],[25.185873,-9.915883],[25.177468,-9.917233],[25.169344,-9.921334],[25.164284,-9.925649],[25.158244,-9.934231],[25.150932,-9.943079],[25.144466,-9.951492],[25.138865,-9.961496],[25.135607,-9.967542],[25.130566,-9.97386],[25.128329,-9.979894],[25.121702,-9.980472],[25.115582,-9.980794],[25.106912,-9.981146],[25.103069,-9.979439],[25.09437,-9.976787],[25.085427,-9.975389],[25.080105,-9.978956],[25.073771,-9.983537],[25.066663,-9.987125],[25.059827,-9.992462],[25.054516,-9.997281],[25.044624,-10.003154],[25.036508,-10.008006],[25.030913,-10.009824],[25.024565,-10.012902],[25.019226,-10.014717],[25.008765,-10.014589],[24.99881,-10.013955],[24.992688,-10.014026],[24.987851,-10.015084],[24.983272,-10.016389],[24.980811,-10.025681],[24.980879,-10.03269],[24.981418,-10.035688],[24.982973,-10.038173],[24.988599,-10.039609],[24.998418,-10.040119],[25.0,-10.040472],[25.006324,-10.04189],[25.016973,-10.039272],[25.040205,-10.042754],[25.041347,-10.043008],[25.061494,-10.047489],[25.062495,-10.047712],[25.072054,-10.049838],[25.06201,-10.068318],[25.059853,-10.069409],[25.059399,-10.069639],[25.058775,-10.069955],[25.058338,-10.070556],[25.056253,-10.073425],[25.053149,-10.073892],[25.051388,-10.074157],[25.038681,-10.080474],[25.029461,-10.081068],[25.02639,-10.081266],[25.020406,-10.083715],[25.010898,-10.087606],[25.0,-10.09312],[24.996111,-10.095087],[24.991792,-10.098791],[24.980678,-10.108321],[24.976827,-10.11939],[24.962621,-10.123028],[24.950399,-10.125424],[24.943028,-10.128264],[24.930289,-10.129915],[24.924405,-10.128232],[24.91643,-10.121315],[24.912764,-10.111595],[24.908868,-10.10438],[24.903936,-10.095676],[24.902088,-10.089189],[24.901098,-10.082529],[24.888176,-10.063319],[24.87068,-10.051732],[24.865528,-10.046025],[24.8635,-10.044555],[24.855493,-10.038747],[24.845267,-10.02693],[24.842846,-10.024132],[24.842181,-10.023978],[24.835176,-10.022351],[24.835455,-10.028097],[24.836538,-10.029125],[24.840711,-10.033084],[24.84279,-10.035055],[24.84387,-10.036079],[24.844191,-10.038087],[24.846071,-10.049857],[24.845428,-10.05653],[24.843605,-10.060453],[24.834352,-10.064203],[24.832609,-10.065861],[24.830209,-10.068144],[24.827703,-10.074141],[24.822924,-10.080852],[24.814523,-10.082703],[24.80786,-10.079526],[24.798376,-10.074881],[24.79401,-10.071928],[24.784021,-10.067789],[24.780426,-10.065327],[24.761004,-10.061799],[24.756395,-10.060101],[24.751801,-10.059904],[24.7454,-10.052925],[24.737432,-10.042638],[24.732256,-10.03971],[24.730209,-10.038552],[24.728071,-10.03213],[24.722692,-10.026423],[24.722347,-10.023397],[24.721698,-10.017693],[24.723954,-10.009633],[24.725309,-10.004792],[24.720802,-10.0],[24.714786,-9.993604],[24.713045,-9.993043],[24.711994,-9.992705],[24.709512,-10.0],[24.707683,-10.005382],[24.70356,-10.012079],[24.69733,-10.016723],[24.696672,-10.021556],[24.700712,-10.034401],[24.695484,-10.048693],[24.694683,-10.049352],[24.692947,-10.050781],[24.688188,-10.052086],[24.671415,-10.056685],[24.644739,-10.058457],[24.644281,-10.058487],[24.633629,-10.061091],[24.632959,-10.061339],[24.624834,-10.064372],[24.607755,-10.076907],[24.602462,-10.082921],[24.594397,-10.092958],[24.592802,-10.094944],[24.591417,-10.095391],[24.582615,-10.098232],[24.576147,-10.098009],[24.57124,-10.091808],[24.567849,-10.084087],[24.564722,-10.077364],[24.561081,-10.070147],[24.558989,-10.064914],[24.554332,-10.058209],[24.550195,-10.0525],[24.54478,-10.046555],[24.542456,-10.043578],[24.536528,-10.037388],[24.532926,-10.034176],[24.524187,-10.027519],[24.516994,-10.022346],[24.508016,-10.017194],[24.502343,-10.011001],[24.498743,-10.008039],[24.490279,-10.003382],[24.485907,-9.999678],[24.477701,-9.995268],[24.474601,-9.991298],[24.472014,-9.987573],[24.47044,-9.983086],[24.466334,-9.98063],[24.463022,-9.981545],[24.461791,-9.98569],[24.46132,-9.989701],[24.458555,-9.99399],[24.455521,-9.996779],[24.454797,-10.001043],[24.452822,-10.007826],[24.449579,-10.015374],[24.445796,-10.019924],[24.441506,-10.024731],[24.436244,-10.034556],[24.43069,-10.04063],[24.427136,-10.042424],[24.423881,-10.04872],[24.420596,-10.052013],[24.416306,-10.05682],[24.414552,-10.060095],[24.413072,-10.06537],[24.412096,-10.069887],[24.411622,-10.073648],[24.411675,-10.079155],[24.412521,-10.087406],[24.413327,-10.091653],[24.413883,-10.096403],[24.414704,-10.102151],[24.414996,-10.105903],[24.41451,-10.108412],[24.412445,-10.105933],[24.410371,-10.102452],[24.409059,-10.098713],[24.408779,-10.096212],[24.406192,-10.092487],[24.402077,-10.089031],[24.399249,-10.086811],[24.396412,-10.083589],[24.391532,-10.080142],[24.389724,-10.07791],[24.388152,-10.073672],[24.388111,-10.069417],[24.388318,-10.064408],[24.388269,-10.059401],[24.388738,-10.05514],[24.384351,-10.048023],[24.383073,-10.043692],[24.382929,-10.043203],[24.379764,-10.040623],[24.374532,-10.036358],[24.371694,-10.027868],[24.373328,-10.020575],[24.373499,-10.019811],[24.364616,-10.0],[24.362911,-9.996195],[24.362157,-9.987003],[24.359581,-9.98334],[24.356355,-9.986808],[24.350954,-9.988222],[24.340218,-9.988523],[24.330158,-9.988805],[24.325073,-9.992055],[24.322826,-9.995167],[24.319338,-10.0],[24.306904,-10.017222],[24.296264,-10.022572],[24.294893,-10.025797],[24.297493,-10.0336],[24.291994,-10.045127],[24.288345,-10.041043],[24.282191,-10.037861],[24.279082,-10.03289],[24.279043,-10.028885],[24.274921,-10.024678],[24.270781,-10.018718],[24.266651,-10.013759],[24.265323,-10.008267],[24.264028,-10.00628],[24.259172,-10.005335],[24.251495,-10.002921],[24.244836,-10.000245],[24.238945,-9.997811],[24.233304,-9.994873],[24.226908,-9.992945],[24.221814,-9.993755],[24.218252,-9.994799],[24.208122,-10.002427],[24.205848,-10.004707],[24.183868,-10.002513],[24.175787,-10.009224],[24.164217,-10.014344],[24.159734,-10.014491],[24.155868,-10.014618],[24.143543,-10.009396],[24.14019,-10.009167],[24.137277,-10.008969],[24.13335,-10.011749],[24.122248,-10.012445],[24.111775,-10.011065],[24.103586,-10.008407],[24.095026,-10.002981],[24.092884,-10.000559],[24.09239,-10.0],[24.085924,-9.992683],[24.085035,-9.956363],[24.086858,-9.950146],[24.093549,-9.943675],[24.100666,-9.939365],[24.1058,-9.936256],[24.108314,-9.929115],[24.105259,-9.921775],[24.104522,-9.914192],[24.087318,-9.906004],[24.079858,-9.904274],[24.070835,-9.90218],[24.061392,-9.898252],[24.059911,-9.897636],[24.033481,-9.898456],[24.025799,-9.892288],[24.021827,-9.886559],[24.019935,-9.879212],[24.023313,-9.859426],[24.027885,-9.846989],[24.027624,-9.841244],[24.020664,-9.840128],[24.012991,-9.835568],[24.019392,-9.817836],[24.021181,-9.815957],[24.027017,-9.809826],[24.028373,-9.808401],[24.028845,-9.807905],[24.031682,-9.802148],[24.040086,-9.785093],[24.044762,-9.779],[24.046993,-9.776094],[24.064289,-9.759228],[24.07001,-9.749719],[24.071642,-9.747006],[24.078736,-9.739739],[24.082014,-9.736381],[24.091258,-9.731302],[24.106506,-9.722923],[24.109726,-9.718538],[24.109903,-9.717773],[24.113577,-9.701969],[24.113542,-9.7017],[24.112367,-9.692551],[24.119451,-9.674584],[24.118715,-9.667004],[24.122374,-9.661307],[24.129972,-9.649475],[24.132023,-9.643029],[24.129614,-9.626263],[24.127843,-9.623041],[24.119787,-9.608386],[24.117887,-9.599661],[24.118978,-9.591941],[24.119356,-9.589263],[24.120493,-9.58121],[24.121233,-9.575969],[24.122812,-9.568378],[24.131033,-9.546958],[24.151407,-9.504561],[24.151586,-9.502217],[24.152919,-9.484788],[24.156603,-9.48109],[24.162731,-9.458994],[24.162666,-9.45821],[24.162235,-9.453021],[24.157776,-9.442244],[24.151712,-9.434233],[24.150204,-9.428177],[24.150055,-9.427577],[24.149184,-9.426471],[24.146091,-9.422542],[24.145605,-9.418179],[24.14636,-9.415887],[24.15175,-9.39953],[24.143364,-9.389693],[24.141948,-9.384873],[24.144666,-9.374059],[24.140438,-9.36282],[24.138548,-9.361256],[24.136023,-9.359167],[24.140631,-9.355823],[24.148002,-9.352983],[24.150001,-9.348704],[24.149683,-9.342199],[24.148119,-9.338712],[24.151151,-9.335672],[24.160504,-9.326801],[24.164293,-9.323001],[24.169101,-9.31894],[24.174654,-9.312866],[24.180473,-9.307791],[24.183257,-9.305506],[24.185791,-9.303724],[24.190902,-9.304665],[24.19526,-9.306867],[24.200653,-9.310559],[24.204001,-9.313775],[24.207841,-9.315232],[24.211463,-9.320447],[24.215297,-9.321153],[24.218069,-9.317616],[24.224922,-9.314031],[24.229003,-9.313983],[24.23331,-9.310928],[24.239109,-9.303851],[24.240355,-9.300832],[24.242865,-9.296547],[24.244879,-9.293769],[24.246618,-9.288992],[24.251426,-9.284931],[24.257261,-9.281608],[24.263381,-9.281286],[24.26666,-9.277492],[24.268429,-9.275719],[24.272763,-9.275418],[24.277352,-9.275114],[24.281423,-9.274065],[24.287545,-9.273994],[24.292644,-9.273684],[24.294425,-9.273162],[24.300265,-9.27034],[24.307145,-9.269508],[24.314292,-9.269925],[24.323732,-9.270065],[24.329859,-9.270494],[24.334458,-9.271192],[24.345956,-9.27306],[24.352087,-9.273989],[24.362825,-9.276367],[24.372037,-9.279264],[24.378168,-9.280193],[24.386379,-9.285104],[24.388962,-9.288328],[24.393308,-9.289279],[24.396871,-9.288486],[24.398173,-9.291225],[24.400746,-9.293448],[24.400758,-9.294699],[24.402308,-9.296684],[24.405141,-9.299405],[24.409496,-9.301356],[24.411046,-9.303341],[24.418191,-9.303508],[24.424058,-9.303439],[24.430434,-9.303364],[24.434001,-9.302822],[24.437555,-9.301028],[24.441381,-9.300983],[24.445465,-9.301186],[24.44725,-9.301165],[24.450311,-9.301129],[24.454363,-9.300334],[24.454385,-9.30033],[24.461012,-9.299752],[24.466626,-9.299937],[24.472238,-9.299871],[24.476319,-9.299823],[24.481421,-9.299764],[24.496215,-9.299591],[24.503613,-9.299504],[24.513308,-9.299641],[24.520455,-9.300058],[24.527345,-9.300228],[24.531938,-9.300424],[24.536787,-9.300618],[24.541114,-9.299566],[24.545433,-9.297763],[24.548737,-9.296473],[24.552546,-9.294676],[24.557648,-9.294616],[24.565298,-9.294276],[24.570137,-9.293468],[24.573429,-9.290926],[24.574894,-9.28415],[24.57486,-9.280646],[24.575339,-9.277385],[24.573519,-9.273902],[24.569637,-9.268189],[24.564259,-9.265999],[24.558861,-9.261806],[24.556531,-9.258329],[24.554218,-9.256604],[24.543986,-9.253719],[24.540405,-9.25276],[24.534036,-9.253585],[24.529197,-9.254393],[24.524333,-9.252697],[24.519482,-9.252253],[24.514089,-9.248561],[24.510505,-9.247352],[24.505654,-9.246908],[24.503091,-9.245686],[24.500268,-9.243966],[24.496683,-9.242506],[24.491596,-9.238029],[24.488958,-9.235086],[24.488912,-9.23033],[24.488608,-9.225327],[24.489153,-9.218972],[24.487266,-9.217506],[24.48241,-9.213732],[24.475587,-9.205812],[24.473551,-9.203448],[24.470564,-9.202481],[24.466596,-9.201196],[24.454807,-9.201962],[24.450803,-9.191188],[24.445198,-9.182951],[24.443811,-9.183189],[24.440199,-9.180465],[24.434746,-9.176354],[24.431665,-9.174849],[24.425001,-9.17159],[24.413648,-9.168215],[24.394613,-9.157305],[24.386924,-9.148391],[24.380886,-9.144293],[24.372552,-9.142506],[24.359564,-9.136611],[24.350271,-9.129774],[24.344253,-9.128892],[24.336601,-9.125261],[24.323578,-9.113161],[24.315794,-9.088163],[24.308119,-9.081313],[24.305565,-9.079034],[24.294594,-9.072729],[24.285381,-9.067433],[24.285215,-9.06728],[24.278354,-9.060964],[24.27491,-9.057791],[24.274223,-9.057159],[24.266754,-9.045256],[24.251508,-9.007894],[24.253024,-9.003131],[24.253779,-9.000758],[24.250492,-8.992276],[24.252065,-8.984916],[24.249725,-8.979876],[24.245544,-8.976223],[24.223766,-8.966927],[24.221424,-8.961656],[24.219898,-8.960558],[24.216445,-8.958076],[24.211911,-8.954817],[24.194519,-8.955756],[24.192968,-8.95584],[24.179196,-8.950522],[24.175367,-8.949044],[24.165661,-8.948867],[24.158243,-8.944772],[24.146908,-8.942305],[24.124875,-8.939205],[24.105976,-8.936546],[24.097896,-8.937966],[24.096248,-8.932462],[24.099209,-8.924176],[24.104038,-8.920015],[24.107806,-8.916851],[24.110575,-8.913063],[24.110284,-8.909311],[24.106142,-8.903101],[24.099702,-8.896667],[24.093043,-8.893991],[24.088425,-8.891292],[24.082546,-8.890109],[24.073857,-8.888458],[24.070002,-8.885499],[24.065629,-8.881795],[24.062269,-8.877328],[24.057384,-8.87338],[24.052994,-8.867923],[24.048366,-8.864222],[24.043209,-8.858525],[24.038326,-8.854827],[24.031123,-8.848652],[24.026238,-8.844704],[24.022537,-8.840941],[24.018255,-8.837037],[24.013876,-8.832582],[24.010543,-8.830868],[24.00798,-8.829647],[24.004377,-8.826434],[24.001795,-8.82321],[24.000507,-8.821973],[23.995868,-8.819708],[23.991214,-8.81284],[23.982872,-8.806907],[23.980079,-8.802785],[23.977228,-8.78649],[23.973032,-8.77847],[23.968637,-8.777112],[23.959173,-8.77796],[23.949709,-8.778808],[23.94277,-8.776543],[23.938358,-8.771509],[23.93535,-8.770145],[23.933298,-8.775437],[23.931734,-8.776693],[23.929846,-8.77821],[23.925077,-8.778231],[23.922687,-8.778242],[23.911197,-8.790467],[23.898662,-8.779687],[23.892309,-8.780581],[23.880312,-8.785327],[23.871475,-8.787806],[23.858066,-8.78686],[23.850556,-8.785248],[23.837605,-8.784758],[23.820067,-8.779251],[23.805056,-8.776936],[23.79552,-8.777366],[23.781441,-8.777783],[23.771667,-8.777075],[23.763004,-8.773411],[23.755013,-8.768612],[23.748412,-8.767002],[23.729001,-8.781284],[23.69606,-8.704568],[23.690885,-8.673943],[23.691605,-8.653998],[23.692796,-8.629662],[23.686765,-8.622104],[23.680717,-8.609725],[23.678146,-8.601007],[23.679237,-8.584468],[23.681524,-8.579178],[23.688419,-8.572033],[23.688177,-8.568819],[23.678659,-8.554156],[23.664939,-8.546245],[23.658079,-8.542289],[23.657827,-8.542015],[23.656515,-8.540587],[23.653179,-8.536963],[23.651128,-8.534735],[23.648565,-8.527626],[23.646896,-8.513393],[23.640091,-8.481729],[23.641655,-8.467945],[23.643591,-8.461974],[23.64553,-8.455991],[23.64758,-8.452071],[23.650341,-8.446789],[23.653768,-8.443196],[23.655396,-8.44149],[23.665669,-8.435458],[23.667593,-8.434328],[23.66829,-8.432865],[23.67011,-8.429038],[23.669394,-8.427273],[23.66918,-8.426745],[23.672364,-8.418236],[23.675115,-8.41088],[23.681867,-8.36723],[23.689594,-8.338042],[23.690933,-8.326098],[23.68997,-8.315541],[23.692703,-8.306041],[23.701343,-8.27601],[23.701369,-8.275431],[23.701978,-8.261544],[23.701374,-8.256778],[23.700552,-8.2503],[23.692398,-8.228062],[23.688201,-8.213205],[23.684688,-8.200772],[23.684425,-8.19228],[23.687473,-8.184169],[23.693322,-8.168602],[23.700798,-8.135979],[23.698291,-8.128741],[23.693809,-8.115805],[23.691793,-8.100225],[23.691671,-8.099285],[23.691947,-8.096956],[23.692787,-8.089871],[23.689071,-8.08185],[23.681213,-8.075223],[23.677591,-8.066367],[23.677148,-8.065283],[23.675401,-8.061012],[23.673728,-8.05909],[23.66823,-8.052776],[23.667755,-8.049106],[23.671957,-8.03608],[23.674129,-8.029344],[23.68992,-8.003351],[23.691078,-8.0],[23.683523,-7.992286],[23.685141,-7.987928],[23.682613,-7.981268],[23.684596,-7.97654],[23.688383,-7.967505],[23.647654,-7.968947],[23.63073,-7.967951],[23.625579,-7.966847],[23.592085,-7.947182],[23.589138,-7.942984],[23.583615,-7.936504],[23.574867,-7.938201],[23.573484,-7.939806],[23.567266,-7.939338],[23.559942,-7.944904],[23.559429,-7.945294],[23.541462,-7.948022],[23.541435,-7.948056],[23.532489,-7.959174],[23.526008,-7.967279],[23.518402,-7.972776],[23.51098,-7.973797],[23.508497,-7.974139],[23.497434,-7.979631],[23.492829,-7.978935],[23.488462,-7.970666],[23.484533,-7.968903],[23.481786,-7.967671],[23.479261,-7.96193],[23.460018,-7.95878],[23.44971,-7.949657],[23.442348,-7.943963],[23.437002,-7.945193],[23.400734,-7.953542],[23.399349,-7.954917],[23.389906,-7.955131],[23.384221,-7.953502],[23.380237,-7.95236],[23.376091,-7.952812],[23.340588,-7.94748],[23.322046,-7.944696],[23.309537,-7.944044],[23.290785,-7.957663],[23.279757,-7.970442],[23.267809,-7.975576],[23.263558,-7.973291],[23.255382,-7.968898],[23.247322,-7.968195],[23.241972,-7.964509],[23.236967,-7.961061],[23.235549,-7.959382],[23.228231,-7.950716],[23.224086,-7.950479],[23.214634,-7.956658],[23.214177,-7.956722],[23.209797,-7.957337],[23.205656,-7.953657],[23.204971,-7.949295],[23.203536,-7.948696],[23.199447,-7.94699],[23.198162,-7.943125],[23.197843,-7.942166],[23.200384,-7.937351],[23.180756,-7.923726],[23.176702,-7.91114],[23.17832,-7.908159],[23.174875,-7.901037],[23.172884,-7.889009],[23.170541,-7.874861],[23.176996,-7.870512],[23.17309,-7.865225],[23.172865,-7.862011],[23.174713,-7.858112],[23.185316,-7.852164],[23.188785,-7.841841],[23.187007,-7.841265],[23.18165,-7.839531],[23.181423,-7.837236],[23.185578,-7.831964],[23.184437,-7.824157],[23.18791,-7.812226],[23.184596,-7.811952],[23.17939,-7.811522],[23.177055,-7.802987],[23.176185,-7.799808],[23.175964,-7.794298],[23.178789,-7.790288],[23.182424,-7.785127],[23.182063,-7.783306],[23.18174,-7.781683],[23.186346,-7.780773],[23.185066,-7.769547],[23.184984,-7.768833],[23.170476,-7.769494],[23.166786,-7.772471],[23.155185,-7.774436],[23.150661,-7.776572],[23.120901,-7.811867],[23.11351,-7.818048],[23.103376,-7.826523],[23.097921,-7.837776],[23.091591,-7.850833],[23.089039,-7.862075],[23.087879,-7.865008],[23.083963,-7.874911],[23.070347,-7.873269],[23.052874,-7.867529],[23.045324,-7.865049],[23.021046,-7.869116],[23.000445,-7.870844],[22.984253,-7.864847],[22.963656,-7.871955],[22.940859,-7.888303],[22.917308,-7.881606],[22.892277,-7.863396],[22.834859,-7.830116],[22.817193,-7.822595],[22.798796,-7.819691],[22.784082,-7.821365],[22.77746,-7.821426],[22.773777,-7.817618],[22.76642,-7.817686],[22.756897,-7.825801],[22.743625,-7.837111],[22.719362,-7.859623],[22.68774,-7.882201],[22.66109,-7.89599],[22.66619,-7.88016],[22.66645,-7.866621],[22.67498,-7.8593],[22.67706,-7.8554],[22.676329,-7.853714],[22.675465,-7.851722],[22.67546,-7.85171],[22.672154,-7.851021],[22.67109,-7.8508],[22.670614,-7.849889],[22.670508,-7.849686],[22.66375,-7.83677],[22.65686,-7.82918],[22.655414,-7.828772],[22.64949,-7.8271],[22.648135,-7.825421],[22.64652,-7.82342],[22.64492,-7.81584],[22.646486,-7.813029],[22.64722,-7.81171],[22.64494,-7.80298],[22.646679,-7.79668],[22.64703,-7.79541],[22.646714,-7.793817],[22.64612,-7.79082],[22.644088,-7.787424],[22.64268,-7.78507],[22.645379,-7.781943],[22.64545,-7.78186],[22.65098,-7.77912],[22.651563,-7.776063],[22.65168,-7.77545],[22.651639,-7.775378],[22.6455,-7.76464],[22.63698,-7.76049],[22.63147,-7.75313],[22.628438,-7.75231],[22.62456,-7.75127],[22.619834,-7.746538],[22.61675,-7.74345],[22.612839,-7.74321],[22.611982,-7.742459],[22.611,-7.741599],[22.610941,-7.739702],[22.61078,-7.73448],[22.609806,-7.733172],[22.609409,-7.73264],[22.60434,-7.73309],[22.59973,-7.736289],[22.60548,-7.73745],[22.607999,-7.742969],[22.60017,-7.744554],[22.591633,-7.752107],[22.59051,-7.752521],[22.581724,-7.755755],[22.576071,-7.756219],[22.5709,-7.756644],[22.564846,-7.759015],[22.559837,-7.760977],[22.553841,-7.765323],[22.548526,-7.772425],[22.545297,-7.774712],[22.542749,-7.781592],[22.524509,-7.802434],[22.521934,-7.820103],[22.512579,-7.82917],[22.496588,-7.844881],[22.485369,-7.847483],[22.473225,-7.843753],[22.44691,-7.830357],[22.432813,-7.821464],[22.432599,-7.81698],[22.432594,-7.816872],[22.430761,-7.813653],[22.427025,-7.806332],[22.421321,-7.804464],[22.410109,-7.816481],[22.397239,-7.824286],[22.348514,-7.851252],[22.329757,-7.859111],[22.316806,-7.863161],[22.291137,-7.871188],[22.266306,-7.873148],[22.253614,-7.874034],[22.246298,-7.875021],[22.204689,-7.880636],[22.189054,-7.882126],[22.18188,-7.881808],[22.165096,-7.881366],[22.163252,-7.870244],[22.160499,-7.866103],[22.151991,-7.861945],[22.147397,-7.856827],[22.143726,-7.852737],[22.138251,-7.84014],[22.132172,-7.828477],[22.094241,-7.780409],[22.086692,-7.771448],[22.079695,-7.763634],[22.072514,-7.754862],[22.066622,-7.747422],[22.060795,-7.742283],[22.059075,-7.740766],[22.052632,-7.734484],[22.042505,-7.721702],[22.038806,-7.696752],[22.033461,-7.682579],[22.023705,-7.674982],[22.008436,-7.673394],[22.002409,-7.672059],[22.002403,-7.674242],[22.002397,-7.676422],[21.998413,-7.682521],[21.994764,-7.688106],[21.994734,-7.691633],[21.979944,-7.698644],[21.970014,-7.703349],[21.962838,-7.699764],[21.948665,-7.689133],[21.940935,-7.684016],[21.928608,-7.681055],[21.902854,-7.67918],[21.87342,-7.676378],[21.869188,-7.67488],[21.853363,-7.6683],[21.839379,-7.663817],[21.835145,-7.659051],[21.830297,-7.640788],[21.82935,-7.63722],[21.82381,-7.65303],[21.81292,-7.65651],[21.81033,-7.66184],[21.81234,-7.67251],[21.81104,-7.68225],[21.80733,-7.69255],[21.79659,-7.71386],[21.79584,-7.72747],[21.79547,-7.73078],[21.79361,-7.73482],[21.79047,-7.73721],[21.78604,-7.74051],[21.78436,-7.74548],[21.78584,-7.75467],[21.78361,-7.76],[21.78065,-7.76441],[21.76804,-7.77742],[21.76945,-7.78235],[21.76942,-7.79563],[21.77198,-7.79864],[21.771974,-7.80189],[21.77197,-7.803857],[21.771965,-7.806022],[21.769651,-7.809457],[21.765266,-7.812196],[21.763866,-7.81793],[21.76569,-7.823445],[21.765414,-7.827395],[21.765263,-7.830296],[21.765257,-7.830412],[21.76415,-7.83139],[21.76206,-7.84536],[21.77093,-7.87887],[21.77067,-7.89363],[21.770654,-7.893712],[21.76943,-7.900228],[21.76807,-7.90744],[21.765841,-7.90931],[21.76583,-7.90932],[21.76548,-7.90966],[21.759642,-7.915383],[21.74526,-7.92948],[21.74475,-7.93294],[21.74545,-7.9388],[21.74756,-7.94278],[21.748137,-7.943585],[21.75975,-7.96081],[21.75975,-7.96459],[21.760829,-7.967956],[21.760826,-7.967986],[21.758278,-7.986271],[21.759401,-7.99412],[21.763441,-7.998152],[21.770523,-8.006033],[21.776727,-8.009955],[21.775795,-8.013395],[21.779234,-8.018456],[21.779663,-8.028326],[21.783798,-8.032241],[21.789665,-8.033127],[21.799886,-8.04308],[21.807934,-8.047236],[21.808531,-8.049241],[21.809423,-8.05224],[21.810238,-8.054974],[21.810671,-8.056427],[21.816841,-8.062388],[21.823303,-8.068631],[21.829035,-8.07737],[21.830843,-8.089312],[21.834045,-8.097125],[21.835224,-8.098724],[21.838928,-8.103749],[21.841846,-8.107708],[21.842387,-8.109971],[21.843248,-8.113579],[21.844167,-8.117431],[21.844806,-8.120112],[21.845941,-8.121783],[21.849147,-8.126503],[21.852148,-8.130922],[21.852155,-8.13096],[21.854295,-8.142929],[21.855097,-8.14374],[21.858049,-8.147238],[21.8666,-8.151393],[21.867026,-8.153964],[21.867032,-8.153995],[21.86766,-8.157824],[21.867878,-8.159142],[21.867964,-8.159662],[21.887342,-8.176906],[21.890023,-8.181532],[21.889941,-8.181941],[21.889938,-8.181956],[21.889089,-8.186122],[21.888107,-8.186928],[21.885393,-8.189155],[21.881006,-8.192756],[21.87915,-8.197572],[21.879938,-8.199655],[21.883529,-8.209136],[21.885328,-8.213888],[21.886478,-8.226742],[21.886642,-8.228578],[21.88734,-8.236391],[21.891966,-8.245795],[21.895415,-8.25281],[21.895593,-8.253174],[21.895788,-8.253884],[21.897419,-8.259836],[21.896877,-8.289451],[21.898396,-8.294026],[21.899229,-8.295489],[21.899914,-8.296694],[21.902246,-8.299177],[21.902614,-8.299569],[21.909094,-8.302081],[21.922563,-8.307303],[21.923996,-8.307858],[21.925874,-8.308586],[21.929166,-8.311769],[21.932543,-8.315033],[21.933326,-8.316865],[21.934606,-8.31986],[21.935146,-8.3227],[21.935699,-8.325599],[21.935743,-8.325832],[21.935655,-8.326728],[21.934797,-8.335473],[21.93165,-8.34132],[21.926689,-8.345734],[21.920499,-8.351242],[21.920461,-8.351275],[21.920561,-8.351699],[21.920912,-8.353201],[21.923115,-8.362636],[21.92411,-8.366899],[21.924558,-8.372295],[21.925005,-8.377692],[21.92456,-8.38507],[21.92384,-8.396994],[21.924137,-8.397439],[21.924503,-8.397821],[21.934007,-8.407718],[21.938049,-8.411926],[21.938062,-8.41194],[21.939897,-8.415388],[21.943052,-8.422141],[21.944944,-8.426194],[21.950432,-8.445267],[21.950742,-8.448168],[21.951011,-8.450681],[21.95135,-8.453841],[21.951784,-8.457899],[21.94828,-8.475802],[21.953079,-8.493954],[21.95771,-8.503009],[21.956966,-8.507972],[21.955587,-8.509276],[21.949484,-8.515052],[21.94656,-8.517819],[21.943315,-8.523172],[21.940305,-8.528136],[21.940035,-8.529683],[21.939787,-8.531104],[21.9389,-8.53617],[21.941484,-8.540247],[21.944875,-8.545601],[21.942749,-8.565115],[21.932575,-8.573356],[21.93049,-8.576795],[21.930584,-8.579487],[21.930917,-8.589121],[21.929298,-8.59126],[21.923525,-8.593311],[21.922596,-8.595605],[21.923708,-8.59694],[21.92462,-8.598035],[21.924896,-8.598367],[21.934816,-8.599313],[21.935091,-8.599724],[21.936198,-8.601383],[21.935966,-8.60856],[21.936009,-8.609187],[21.933628,-8.612859],[21.933849,-8.616764],[21.933155,-8.617679],[21.931764,-8.619515],[21.920904,-8.624538],[21.919691,-8.626466],[21.918457,-8.628426],[21.913255,-8.636689],[21.912518,-8.640071],[21.911854,-8.643116],[21.912885,-8.647832],[21.913299,-8.649731],[21.913919,-8.652564],[21.917328,-8.668164],[21.916727,-8.669196],[21.915733,-8.670899],[21.906028,-8.687553],[21.905653,-8.693051],[21.905542,-8.694686],[21.905023,-8.702284],[21.897157,-8.709201],[21.897135,-8.70922],[21.899372,-8.716443],[21.900339,-8.719565],[21.900545,-8.728983],[21.900322,-8.730102],[21.899151,-8.735955],[21.898927,-8.737071],[21.898367,-8.739878],[21.898205,-8.74069],[21.898409,-8.741808],[21.898582,-8.742755],[21.902984,-8.766889],[21.90082,-8.771938],[21.897871,-8.778818],[21.89875,-8.779812],[21.899116,-8.780226],[21.903167,-8.784804],[21.903163,-8.786797],[21.90316,-8.787791],[21.897139,-8.798206],[21.894706,-8.802412],[21.894578,-8.802634],[21.893879,-8.803844],[21.892112,-8.809413],[21.889997,-8.81608],[21.889219,-8.818532],[21.88583,-8.821951],[21.877639,-8.830214],[21.877626,-8.834807],[21.88109,-8.834818],[21.881313,-8.837805],[21.872118,-8.851531],[21.869947,-8.85477],[21.867153,-8.862803],[21.868314,-8.868265],[21.871258,-8.882111],[21.870626,-8.883452],[21.866239,-8.892766],[21.863344,-8.898913],[21.85894,-8.908261],[21.863363,-8.916192],[21.864235,-8.917757],[21.864458,-8.918157],[21.864837,-8.921623],[21.863842,-8.936381],[21.863363,-8.938283],[21.857199,-8.953957],[21.857193,-8.953972],[21.857239,-8.955217],[21.857458,-8.961206],[21.857284,-8.965677],[21.852241,-8.990462],[21.852236,-8.990485],[21.852433,-8.992219],[21.853475,-9.001374],[21.853637,-9.006356],[21.849384,-9.018045],[21.84947,-9.0184],[21.850509,-9.022721],[21.850969,-9.025671],[21.858865,-9.043246],[21.859053,-9.043677],[21.859709,-9.045186],[21.859152,-9.046348],[21.857776,-9.049212],[21.857616,-9.049545],[21.844171,-9.062372],[21.843302,-9.066488],[21.842973,-9.068043],[21.841358,-9.075688],[21.842964,-9.086951],[21.841298,-9.108121],[21.841264,-9.108544],[21.843576,-9.115931],[21.84359,-9.116597],[21.843918,-9.119119],[21.846494,-9.138885],[21.84688,-9.139729],[21.84745,-9.14097],[21.856251,-9.160131],[21.859971,-9.168227],[21.860524,-9.169432],[21.860973,-9.17041],[21.860992,-9.172169],[21.861077,-9.180143],[21.861156,-9.187644],[21.863056,-9.201566],[21.863195,-9.202585],[21.86319,-9.202631],[21.862896,-9.205043],[21.859008,-9.236894],[21.858934,-9.237499],[21.858001,-9.24082],[21.857063,-9.244158],[21.848551,-9.256259],[21.84795,-9.257113],[21.845449,-9.260668],[21.841957,-9.26893],[21.840962,-9.275233],[21.840154,-9.280343],[21.839599,-9.283859],[21.837518,-9.287424],[21.835605,-9.290705],[21.835182,-9.291429],[21.831878,-9.294691],[21.831569,-9.294996],[21.831388,-9.295175],[21.828453,-9.298073],[21.826765,-9.321277],[21.818411,-9.329294],[21.814899,-9.337304],[21.814171,-9.339455],[21.813944,-9.35295],[21.81298,-9.355006],[21.811147,-9.358916],[21.812261,-9.362061],[21.813673,-9.366049],[21.810177,-9.374311],[21.812244,-9.378913],[21.811546,-9.38075],[21.808074,-9.381198],[21.805748,-9.386159],[21.805374,-9.387198],[21.804666,-9.390286],[21.804352,-9.392173],[21.803104,-9.399634],[21.802671,-9.40692],[21.798433,-9.410738],[21.797291,-9.41168],[21.794065,-9.420907],[21.794691,-9.422428],[21.797321,-9.42878],[21.79797,-9.430347],[21.808206,-9.439112],[21.822214,-9.451106],[21.822509,-9.451661],[21.82323,-9.453021],[21.825171,-9.456671],[21.826128,-9.458472],[21.829617,-9.461957],[21.833976,-9.466311],[21.834207,-9.468662],[21.834427,-9.470908],[21.832681,-9.475857],[21.830457,-9.482158],[21.830448,-9.485238],[21.830448,-9.485274],[21.830446,-9.486062],[21.830446,-9.486076],[21.830301,-9.489045],[21.832351,-9.498613],[21.835405,-9.515354],[21.836033,-9.516252],[21.842601,-9.525632],[21.844009,-9.530623],[21.84604,-9.537823],[21.864151,-9.554529],[21.867726,-9.561989],[21.86774,-9.562019],[21.868019,-9.565306],[21.868452,-9.570404],[21.869087,-9.577883],[21.868421,-9.580087],[21.864645,-9.59258],[21.866358,-9.595794],[21.869575,-9.601833],[21.871351,-9.604833],[21.872497,-9.606766],[21.872701,-9.610529],[21.87049,-9.616268],[21.870404,-9.616491],[21.867567,-9.623847],[21.869477,-9.625137],[21.870985,-9.626156],[21.873295,-9.627716],[21.875429,-9.629157],[21.878097,-9.641162],[21.879356,-9.646826],[21.880233,-9.650777],[21.885553,-9.65447],[21.894813,-9.656794],[21.898744,-9.659564],[21.899174,-9.661397],[21.89966,-9.663474],[21.899107,-9.665752],[21.898524,-9.668153],[21.900566,-9.671521],[21.90134,-9.671558],[21.903835,-9.671678],[21.910759,-9.672009],[21.913997,-9.673857],[21.919767,-9.682377],[21.924191,-9.684429],[21.926325,-9.685156],[21.928991,-9.685617],[21.934284,-9.686534],[21.93574,-9.686786],[21.939385,-9.69042],[21.939441,-9.690476],[21.939114,-9.692244],[21.93935,-9.697986],[21.939636,-9.704956],[21.941013,-9.709786],[21.943009,-9.711776],[21.94425,-9.713015],[21.951263,-9.715021],[21.952354,-9.715333],[21.959228,-9.725927],[21.969,-9.731007],[21.971035,-9.737944],[21.972262,-9.742123],[21.977504,-9.759992],[21.981666,-9.763909],[21.983752,-9.764029],[21.985838,-9.76415],[21.995598,-9.7536],[21.999075,-9.753149],[21.999439,-9.75354],[21.99979,-9.753918],[22.000818,-9.75502],[22.002081,-9.756374],[22.006372,-9.761653],[22.006548,-9.765122],[22.006437,-9.765581],[22.006386,-9.76579],[22.002036,-9.778193],[22.002029,-9.778212],[22.00247,-9.779396],[22.002933,-9.780642],[22.005024,-9.786264],[22.014044,-9.794791],[22.014038,-9.79755],[22.014047,-9.797942],[22.01425,-9.806974],[22.01605,-9.809538],[22.017484,-9.811581],[22.017596,-9.818992],[22.017666,-9.823651],[22.017685,-9.824913],[22.019975,-9.82709],[22.021623,-9.828657],[22.022775,-9.829753],[22.023311,-9.831022],[22.024486,-9.833807],[22.029482,-9.836205],[22.035404,-9.830362],[22.035524,-9.830243],[22.039232,-9.830941],[22.040465,-9.832247],[22.041975,-9.833848],[22.043214,-9.835162],[22.043298,-9.835252],[22.043326,-9.835281],[22.04455,-9.836577],[22.046402,-9.838543],[22.051098,-9.84694],[22.054548,-9.852399],[22.055378,-9.853108],[22.064241,-9.86068],[22.065826,-9.862034],[22.070905,-9.87193],[22.071575,-9.872596],[22.075536,-9.876537],[22.079331,-9.877783],[22.080217,-9.878074],[22.083671,-9.879208],[22.084755,-9.88001],[22.091753,-9.88186],[22.095928,-9.881408],[22.111248,-9.872934],[22.117042,-9.874096],[22.123295,-9.877786],[22.123884,-9.879422],[22.124433,-9.880947],[22.12649,-9.886662],[22.129503,-9.889267],[22.129533,-9.889293],[22.134797,-9.890422],[22.136024,-9.890685],[22.143911,-9.88817],[22.149475,-9.889101],[22.152691,-9.891659],[22.155876,-9.894112],[22.166843,-9.902697],[22.171711,-9.903626],[22.172272,-9.905116],[22.173788,-9.909146],[22.181202,-9.912838],[22.183517,-9.915841],[22.183723,-9.916109],[22.186525,-9.919744],[22.186657,-9.920017],[22.187065,-9.920863],[22.189365,-9.925619],[22.191549,-9.930136],[22.192533,-9.932169],[22.19181,-9.934662],[22.190597,-9.940399],[22.201286,-9.961355],[22.201299,-9.96138],[22.201978,-9.972416],[22.203804,-9.978259],[22.20391,-9.978598],[22.206363,-9.986449],[22.205047,-9.990443],[22.198236,-9.993329],[22.197838,-9.998918],[22.197761,-10.0],[22.198673,-10.0],[22.208193,-10.003693],[22.208111,-10.006038],[22.208069,-10.00723],[22.20795,-10.010589],[22.208821,-10.011599],[22.209339,-10.0122],[22.214676,-10.01106],[22.215518,-10.012975],[22.217237,-10.016884],[22.217443,-10.021411],[22.216729,-10.022038],[22.216013,-10.022667],[22.213263,-10.025084],[22.214082,-10.031873],[22.212309,-10.036456],[22.212385,-10.036993],[22.221109,-10.052683],[22.223961,-10.068238],[22.223631,-10.07315],[22.219766,-10.080989],[22.219441,-10.081649],[22.220611,-10.090917],[22.221,-10.094],[22.225056,-10.109412],[22.225693,-10.111835],[22.226,-10.113],[22.225,-10.121],[22.223857,-10.122829],[22.222851,-10.124439],[22.220048,-10.128923],[22.22,-10.129],[22.223509,-10.136018],[22.224,-10.137],[22.223,-10.143],[22.223,-10.159],[22.225441,-10.163394],[22.233,-10.177],[22.235403,-10.181806],[22.236,-10.183],[22.236046,-10.183243],[22.237233,-10.189575],[22.238133,-10.194374],[22.239,-10.199],[22.236,-10.209],[22.239,-10.215],[22.240778,-10.216778],[22.245,-10.221],[22.24499,-10.221386],[22.244756,-10.230372],[22.248055,-10.240992],[22.261251,-10.263865],[22.240633,-10.290002],[22.246406,-10.299803],[22.255478,-10.306337],[22.285,-10.307],[22.291,-10.31],[22.296681,-10.314261],[22.299,-10.316],[22.29996,-10.317441],[22.304102,-10.323653],[22.306292,-10.326937],[22.307,-10.328],[22.309757,-10.352431],[22.309791,-10.35273],[22.31156,-10.368402],[22.328,-10.385],[22.328805,-10.396276],[22.329,-10.399],[22.325508,-10.411221],[22.324636,-10.414274],[22.323,-10.42],[22.321252,-10.421748],[22.319675,-10.423325],[22.316,-10.427],[22.312659,-10.432569],[22.31,-10.437],[22.309712,-10.441034],[22.309,-10.451],[22.307512,-10.452831],[22.299299,-10.46294],[22.296497,-10.466389],[22.296,-10.467],[22.295,-10.481],[22.294839,-10.482374],[22.293,-10.498],[22.29,-10.504],[22.287968,-10.504339],[22.284,-10.505],[22.278,-10.508],[22.278,-10.516],[22.279331,-10.516605],[22.287825,-10.520466],[22.289,-10.521],[22.30943,-10.534929],[22.311,-10.536],[22.315,-10.54],[22.317,-10.544],[22.315257,-10.55446],[22.315,-10.556],[22.317814,-10.575702],[22.318,-10.577],[22.317428,-10.581576],[22.317,-10.585],[22.316887,-10.5867],[22.316062,-10.599077],[22.316,-10.6],[22.31606,-10.600481],[22.316586,-10.60469],[22.317,-10.608],[22.31729,-10.61336],[22.318581,-10.637255],[22.319,-10.645],[22.319,-10.648514],[22.319,-10.652662],[22.319,-10.656],[22.318687,-10.657252],[22.316659,-10.665363],[22.316329,-10.666683],[22.314466,-10.674137],[22.314,-10.676],[22.314933,-10.677306],[22.315957,-10.67874],[22.323668,-10.689535],[22.324,-10.69],[22.326197,-10.69879],[22.327,-10.702],[22.327652,-10.703955],[22.328,-10.705],[22.328162,-10.709524],[22.328796,-10.727301],[22.328891,-10.729935],[22.329,-10.733],[22.334,-10.741],[22.335,-10.748],[22.335,-10.75064],[22.335,-10.754],[22.334,-10.758],[22.330189,-10.766892],[22.328668,-10.770441],[22.328,-10.772],[22.312743,-10.781872],[22.311,-10.783],[22.29754,-10.783751],[22.282694,-10.775597],[22.267,-10.796],[22.242,-10.806],[22.232,-10.813],[22.214835,-10.826487],[22.204,-10.835],[22.200081,-10.837286],[22.192,-10.842],[22.181,-10.852],[22.176796,-10.86209],[22.176,-10.864],[22.174,-10.875],[22.176772,-10.883872],[22.179,-10.891],[22.182,-10.895],[22.182,-10.907],[22.187,-10.914],[22.194725,-10.924299],[22.196302,-10.926403],[22.199,-10.93],[22.206,-10.945],[22.208,-10.954],[22.207,-10.998],[22.21,-11.013],[22.217,-11.025],[22.22,-11.035],[22.221,-11.047],[22.219639,-11.055849],[22.217652,-11.068764],[22.217,-11.073],[22.217,-11.08427],[22.217,-11.088],[22.221,-11.104],[22.227,-11.117],[22.238,-11.127],[22.242642,-11.132222],[22.246,-11.136],[22.254,-11.148],[22.264,-11.166],[22.269,-11.182],[22.27,-11.195],[22.265762,-11.206945],[22.261058,-11.220202],[22.259,-11.226],[22.259,-11.227],[22.261,-11.233],[22.272,-11.246],[22.278,-11.25],[22.29,-11.251],[22.3,-11.244],[22.315,-11.226],[22.334,-11.207],[22.339,-11.2],[22.347,-11.179],[22.351,-11.177],[22.37,-11.176],[22.426,-11.179],[22.437,-11.175],[22.452,-11.162],[22.467,-11.143],[22.483,-11.134],[22.487,-11.132],[22.495,-11.12],[22.497,-11.113],[22.498,-11.098],[22.49,-11.082],[22.489,-11.068],[22.491,-11.061],[22.498,-11.052],[22.503,-11.047],[22.51,-11.042],[22.534,-11.041],[22.545,-11.036],[22.562,-11.031],[22.573,-11.031],[22.585,-11.036],[22.61,-11.056],[22.654,-11.083],[22.671,-11.089],[22.692,-11.097],[22.694,-11.101],[22.71,-11.105],[22.723,-11.11],[22.746,-11.114],[22.787,-11.113],[22.793,-11.111],[22.801,-11.106],[22.806,-11.093],[22.811,-11.083],[22.821,-11.083],[22.833,-11.081],[22.841,-11.077],[22.85,-11.068],[22.859,-11.062],[22.867,-11.062],[22.879,-11.067],[22.904,-11.081],[22.921,-11.087],[22.939,-11.091],[22.959,-11.098],[22.976,-11.101],[23.001,-11.099],[23.003,-11.099],[23.014,-11.1],[23.032,-11.109],[23.073,-11.123],[23.084,-11.124],[23.102,-11.119],[23.127,-11.105],[23.142,-11.095],[23.152,-11.093],[23.165,-11.096],[23.183,-11.102],[23.197,-11.104],[23.203,-11.102],[23.216,-11.094],[23.225,-11.087],[23.252,-11.059],[23.272,-11.046],[23.289,-11.031],[23.32,-11.013],[23.332,-11.007],[23.334,-11.004],[23.338,-11.003],[23.347,-10.994],[23.36,-10.983],[23.384,-10.966],[23.418,-10.945],[23.429,-10.94],[23.436,-10.938],[23.459,-10.939],[23.506,-10.946],[23.534,-10.958],[23.54,-10.959],[23.558,-10.972],[23.576,-10.99],[23.585,-10.993],[23.6,-10.994],[23.629,-10.991],[23.636,-10.994],[23.651,-11.003],[23.664,-11.007],[23.672,-11.008],[23.681,-11.007],[23.685,-11.006],[23.693,-11.005],[23.702,-11.007],[23.708,-11.008],[23.717,-11.005],[23.731,-10.998],[23.737,-10.993],[23.745,-10.992],[23.763,-10.997],[23.781,-11.006],[23.802,-11.021],[23.815,-11.028],[23.83,-11.03],[23.852,-11.028],[23.863,-11.023],[23.872,-11.017],[23.885,-11.002],[23.885,-11.001],[23.89,-10.988],[23.896,-10.983],[23.917,-10.973],[23.926,-10.967],[23.945,-10.955],[23.96,-10.938],[23.97,-10.921],[23.973,-10.905],[23.98,-10.897],[23.987,-10.892],[23.996,-10.892],[24.0,-10.886],[24.01,-10.885],[24.027,-10.888],[24.039,-10.889],[24.059,-10.889],[24.074,-10.893],[24.095,-10.906],[24.107,-10.905],[24.117,-10.905],[24.125,-10.91],[24.13,-10.919],[24.13,-10.922],[24.128,-10.932],[24.124,-10.937],[24.122,-10.945],[24.124,-10.952],[24.144,-10.969],[24.146,-10.977],[24.143,-10.995],[24.136,-11.009],[24.131,-11.024],[24.133,-11.029],[24.141,-11.036],[24.163,-11.045],[24.164,-11.045],[24.167999,-11.044],[24.179,-11.033],[24.176243,-11.022845],[24.187566,-11.015769],[24.203415,-11.013692],[24.224942,-11.02228],[24.240128,-11.031946],[24.255951,-11.040389],[24.287542,-11.033971],[24.310107,-11.042641],[24.311082,-11.043015],[24.326906,-11.05084],[24.344006,-11.055602],[24.368685,-11.070456],[24.385133,-11.082627],[24.406698,-11.131234],[24.404736,-11.136769],[24.404409,-11.13769],[24.404375,-11.13805],[24.403537,-11.146895],[24.404662,-11.151365],[24.406887,-11.160214],[24.405058,-11.165516],[24.399273,-11.171532],[24.398818,-11.187527],[24.408931,-11.198297],[24.411373,-11.236086],[24.406237,-11.263168],[24.396019,-11.294756],[24.384556,-11.317345],[24.374996,-11.339053],[24.355323,-11.349686],[24.345795,-11.358719],[24.327396,-11.366911],[24.309632,-11.374501],[24.299486,-11.376718],[24.295517,-11.386519],[24.299619,-11.388822],[24.301599,-11.389935],[24.309375,-11.390091],[24.310461,-11.390111],[24.317211,-11.388461],[24.322437,-11.390146],[24.325622,-11.391173],[24.333959,-11.403855],[24.347901,-11.403896],[24.363122,-11.399643],[24.373894,-11.400223],[24.384023,-11.405113],[24.399206,-11.416002],[24.403936,-11.425392],[24.415974,-11.426621],[24.425163,-11.426852],[24.437815,-11.436132],[24.445066,-11.451146],[24.456459,-11.457303],[24.472633,-11.45153],[24.489428,-11.451643],[24.502416,-11.453205],[24.523309,-11.461764],[24.538863,-11.450413],[24.550284,-11.445139],[24.566443,-11.445854],[24.587037,-11.44699],[24.594333,-11.444083],[24.598175,-11.427802],[24.61121,-11.410515],[24.625477,-11.407166],[24.633717,-11.407064],[24.649586,-11.396646],[24.669305,-11.367162],[24.697884,-11.342844],[24.739149,-11.313896],[24.754376,-11.30686],[24.77022,-11.306949],[24.791451,-11.306865],[24.805709,-11.307532],[24.819014,-11.309638],[24.843416,-11.308172],[24.866915,-11.28774],[24.874228,-11.277721],[24.883741,-11.274868],[24.895457,-11.278564],[24.903692,-11.280008],[24.929701,-11.269531],[24.957266,-11.271152],[25.009775,-11.265072],[25.016038,-11.26203],[25.033988,-11.262568],[25.047945,-11.25946],[25.060316,-11.261655],[25.09457,-11.261129],[25.102009,-11.258995],[25.109945,-11.260535],[25.12159,-11.259744],[25.130224,-11.260818],[25.133251,-11.265759],[25.13401,-11.266995],[25.140316,-11.268549],[25.146596,-11.267344],[25.154068,-11.268658],[25.167941,-11.257033],[25.207537,-11.254606],[25.321978,-11.232613],[25.347135,-11.226228],[25.349979,-11.229701],[25.333462,-11.245674],[25.328344,-11.265335],[25.32894,-11.2805],[25.322554,-11.300126],[25.312715,-11.30668],[25.30318,-11.318188],[25.312641,-11.336664],[25.31482,-11.352483],[25.302427,-11.366699],[25.292591,-11.372015],[25.290962,-11.3899],[25.302275,-11.428505],[25.316441,-11.46625],[25.317961,-11.492549],[25.316613,-11.525262],[25.320004,-11.563649],[25.335481,-11.583804],[25.339893,-11.593798],[25.345529,-11.621424],[25.373357,-11.644356],[25.398049,-11.654239],[25.413237,-11.663266],[25.435393,-11.673702],[25.456938,-11.674243],[25.474674,-11.678394],[25.48985,-11.692359],[25.497407,-11.711689],[25.499916,-11.722247],[25.508135,-11.729862],[25.531746,-11.739347],[25.536829,-11.734464],[25.540156,-11.734043],[25.544756,-11.733462],[25.545021,-11.733222],[25.551693,-11.72718],[25.559934,-11.712145],[25.572431,-11.702124],[25.574308,-11.697627],[25.57812,-11.688493],[25.583753,-11.684506],[25.599893,-11.673083],[25.605127,-11.659454],[25.607609,-11.652991],[25.609083,-11.652],[25.609503,-11.651717],[25.611778,-11.650187],[25.612752,-11.650359],[25.616689,-11.651055],[25.624437,-11.655115],[25.625447,-11.655143],[25.630506,-11.655282],[25.63862,-11.650364],[25.656553,-11.646953],[25.67436,-11.632271],[25.682396,-11.620453],[25.675989,-11.590159],[25.68149,-11.581359],[25.68293,-11.575765],[25.683517,-11.57348],[25.684396,-11.570056],[25.689666,-11.561489],[25.688054,-11.558649],[25.686811,-11.556459],[25.687472,-11.555119],[25.688179,-11.553684],[25.694965,-11.555451],[25.702123,-11.548933],[25.705526,-11.540385],[25.707032,-11.540471],[25.712297,-11.540772],[25.722526,-11.529733],[25.72866,-11.523112],[25.731374,-11.49525],[25.733504,-11.484975],[25.734911,-11.478189],[25.736863,-11.476299],[25.740679,-11.472605],[25.748714,-11.468393],[25.754125,-11.465557],[25.760637,-11.463875],[25.768125,-11.466092],[25.774797,-11.458198],[25.776844,-11.453574],[25.776881,-11.453233],[25.777687,-11.445744],[25.773588,-11.434289],[25.77378,-11.430606],[25.777254,-11.428498],[25.779972,-11.421566],[25.778325,-11.420205],[25.780087,-11.415178],[25.781482,-11.411199],[25.781236,-11.40901],[25.780964,-11.406603],[25.777874,-11.401578],[25.771139,-11.403953],[25.760172,-11.403155],[25.75804,-11.400187],[25.761631,-11.39418],[25.7633,-11.391388],[25.759476,-11.387437],[25.756693,-11.384561],[25.755953,-11.380889],[25.757833,-11.3712],[25.758592,-11.367289],[25.758546,-11.363224],[25.758501,-11.359239],[25.756581,-11.338554],[25.770591,-11.311393],[25.789643,-11.295487],[25.802981,-11.283456],[25.809659,-11.27373],[25.815395,-11.260888],[25.814905,-11.245133],[25.814808,-11.242012],[25.809448,-11.230745],[25.795857,-11.216796],[25.790502,-11.203673],[25.790608,-11.160685],[25.793529,-11.13261],[25.829705,-11.111557],[25.849387,-11.097202],[25.854195,-11.074738],[25.866589,-11.060198],[25.873589,-11.048616],[25.879564,-11.039481],[25.878214,-11.036561],[25.878622,-11.032332],[25.878835,-11.030114],[25.882703,-11.022479],[25.882563,-11.020605],[25.882427,-11.018803],[25.877116,-11.016142],[25.877039,-11.016104],[25.924794,-10.971919],[25.931473,-10.962183],[25.94727,-10.951874],[25.949152,-10.956321],[25.953014,-10.957795],[25.962305,-10.959625],[25.973129,-10.962935],[25.984758,-10.964017],[25.995238,-10.963989],[26.004907,-10.96656],[26.020393,-10.969487],[26.026957,-10.972066],[26.035472,-10.973898],[26.044753,-10.976471],[26.065183,-10.979379],[26.069563,-10.975875],[26.080232,-10.972755],[26.096662,-10.964964],[26.106319,-10.955415],[26.116777,-10.954136],[26.123451,-10.948073],[26.141557,-10.925999],[26.149307,-10.913252],[26.151533,-10.905404],[26.151094,-10.89782],[26.150934,-10.895062],[26.151859,-10.89459],[26.154741,-10.893162],[26.157248,-10.891919],[26.159954,-10.890578],[26.16328,-10.886856],[26.166607,-10.883135],[26.168377,-10.88283],[26.169665,-10.882608],[26.173805,-10.881894],[26.174459,-10.88213],[26.180586,-10.884339],[26.183278,-10.882854],[26.184669,-10.882087],[26.186133,-10.88128],[26.18835,-10.881589],[26.195224,-10.882545],[26.199672,-10.881065],[26.200376,-10.88083],[26.202408,-10.880154],[26.203391,-10.880796],[26.204743,-10.88168],[26.208276,-10.883989],[26.213378,-10.883751],[26.213562,-10.883742],[26.215023,-10.883674],[26.21764,-10.888011],[26.2175,-10.895143],[26.219402,-10.898109],[26.222205,-10.898763],[26.224566,-10.897853],[26.225242,-10.897593],[26.225908,-10.897336],[26.226936,-10.904683],[26.224482,-10.907612],[26.223042,-10.909332],[26.222983,-10.909667],[26.222391,-10.91302],[26.224075,-10.917139],[26.233019,-10.924616],[26.229792,-10.926956],[26.230485,-10.928454],[26.231713,-10.931105],[26.234344,-10.936789],[26.236222,-10.937487],[26.236457,-10.937574],[26.239725,-10.938789],[26.239927,-10.939468],[26.240654,-10.941912],[26.24143,-10.944518],[26.251043,-10.949685],[26.251338,-10.94981],[26.255258,-10.95147],[26.258487,-10.94936],[26.264574,-10.951812],[26.265398,-10.961232],[26.268058,-10.97019],[26.271039,-10.980233],[26.271248,-10.980935],[26.269708,-10.987626],[26.271709,-10.991454],[26.272575,-10.993111],[26.277935,-10.9935],[26.278955,-10.994482],[26.28049,-10.995958],[26.281002,-10.99645],[26.284909,-10.9964],[26.28496,-10.996399],[26.28685,-10.998446],[26.300022,-11.025645],[26.300079,-11.025884],[26.300565,-11.027937],[26.303232,-11.039175],[26.31081,-11.048506],[26.324167,-11.052521],[26.327815,-11.055479],[26.33086,-11.061177],[26.331256,-11.067065],[26.327824,-11.075681],[26.324429,-11.081579],[26.320536,-11.089291],[26.314711,-11.099725],[26.315131,-11.103801],[26.319283,-11.112397],[26.322966,-11.120541],[26.320969,-11.128248],[26.317969,-11.140034],[26.316446,-11.147739],[26.320142,-11.154977],[26.321924,-11.163579],[26.32184,-11.169921],[26.320239,-11.183516],[26.314887,-11.193949],[26.309056,-11.204837],[26.310424,-11.20891],[26.317954,-11.212967],[26.3321,-11.218365],[26.345311,-11.22286],[26.355678,-11.227363],[26.360399,-11.228709],[26.360021,-11.221462],[26.358677,-11.215577],[26.357375,-11.20652],[26.353307,-11.191582],[26.35057,-11.180473],[26.350181,-11.177094],[26.348843,-11.170756],[26.349443,-11.161241],[26.355238,-11.153071],[26.35531,-11.147635],[26.355885,-11.139933],[26.356017,-11.129966],[26.354187,-11.124988],[26.353353,-11.116383],[26.355806,-11.110035],[26.355902,-11.102786],[26.354582,-11.095089],[26.352278,-11.090112],[26.351378,-11.08649],[26.349128,-11.077436],[26.347328,-11.070193],[26.344178,-11.057517],[26.344478,-11.053703],[26.344748,-11.050268],[26.345803,-11.042111],[26.348785,-11.031684],[26.355096,-11.020342],[26.360939,-11.008548],[26.372067,-10.991305],[26.381749,-10.975877],[26.389008,-10.964533],[26.396267,-10.953188],[26.40115,-10.942303],[26.408132,-10.929455],[26.418915,-10.91804],[26.426365,-10.91817],[26.427382,-10.917525],[26.44044,-10.909241],[26.46695,-10.91223],[26.474082,-10.910399],[26.480268,-10.90857],[26.489825,-10.902656],[26.494626,-10.899698],[26.497948,-10.897651],[26.506041,-10.894912],[26.514116,-10.893531],[26.523589,-10.893959],[26.531142,-10.896204],[26.541059,-10.898895],[26.549596,-10.89842],[26.551552,-10.893884],[26.556381,-10.887076],[26.56118,-10.882534],[26.565932,-10.881615],[26.56601,-10.875726],[26.566573,-10.868929],[26.562854,-10.863503],[26.56151,-10.857618],[26.561161,-10.848106],[26.560302,-10.841313],[26.560471,-10.828628],[26.560554,-10.822286],[26.56164,-10.811864],[26.564396,-10.805185],[26.568473,-10.796897],[26.574207,-10.793257],[26.578522,-10.789622],[26.582348,-10.786894],[26.585714,-10.783261],[26.588636,-10.777364],[26.595163,-10.767607],[26.596441,-10.760582],[26.601527,-10.752188],[26.603511,-10.745614],[26.606186,-10.740398],[26.605997,-10.736774],[26.605094,-10.733379],[26.601821,-10.72999],[26.599722,-10.727504],[26.599414,-10.727262],[26.597142,-10.725473],[26.594079,-10.724122],[26.591033,-10.721412],[26.584912,-10.718484],[26.582334,-10.716225],[26.577401,-10.713068],[26.575307,-10.710129],[26.571074,-10.707648],[26.560224,-10.703827],[26.549371,-10.700232],[26.535012,-10.693022],[26.516631,-10.686251],[26.515983,-10.685414],[26.510469,-10.678286],[26.510181,-10.674379],[26.514701,-10.670524],[26.517306,-10.668302],[26.518896,-10.665788],[26.521854,-10.66111],[26.527853,-10.657806],[26.535135,-10.646667],[26.543416,-10.64034],[26.554865,-10.627993],[26.556747,-10.613478],[26.566326,-10.600465],[26.55956,-10.599511],[26.554443,-10.59879],[26.539947,-10.593013],[26.537523,-10.593139],[26.527864,-10.59364],[26.521738,-10.587746],[26.519624,-10.586394],[26.519331,-10.582029],[26.51572,-10.57334],[26.520296,-10.568216],[26.520108,-10.567907],[26.51601,-10.561147],[26.514953,-10.561239],[26.509741,-10.561692],[26.499292,-10.550097],[26.497459,-10.548063],[26.487419,-10.544751],[26.486909,-10.542676],[26.485445,-10.536728],[26.483982,-10.534732],[26.480941,-10.530582],[26.479473,-10.525312],[26.475454,-10.520538],[26.475097,-10.511803],[26.472728,-10.510094],[26.471343,-10.509094],[26.463894,-10.508276],[26.456124,-10.501252],[26.453804,-10.501514],[26.484869,-10.479678],[26.490957,-10.476151],[26.495597,-10.474779],[26.508284,-10.474066],[26.513954,-10.47541],[26.523883,-10.477196],[26.525778,-10.477191],[26.536175,-10.479428],[26.546152,-10.477589],[26.559927,-10.475288],[26.564696,-10.47301],[26.56851,-10.471188],[26.575633,-10.470263],[26.585592,-10.469783],[26.597434,-10.470205],[26.605953,-10.471088],[26.612109,-10.471525],[26.6235,-10.470135],[26.631564,-10.469661],[26.638247,-10.466019],[26.646351,-10.462374],[26.647141,-10.462246],[26.654901,-10.460992],[26.659167,-10.46098],[26.66438,-10.460967],[26.671466,-10.46276],[26.680429,-10.465907],[26.690838,-10.467238],[26.699347,-10.467763],[26.705997,-10.467745],[26.713333,-10.466136],[26.718004,-10.464853],[26.728615,-10.467049],[26.736225,-10.469889],[26.74221,-10.469873],[26.749525,-10.469854],[26.757514,-10.469197],[26.765843,-10.467903],[26.775486,-10.467878],[26.783798,-10.467856],[26.793456,-10.466559],[26.799783,-10.465906],[26.806126,-10.463982],[26.813774,-10.463962],[26.820411,-10.464898],[26.827027,-10.467423],[26.83398,-10.469629],[26.840589,-10.472789],[26.848509,-10.477218],[26.857104,-10.481008],[26.864049,-10.48385],[26.872323,-10.486688],[26.881601,-10.489206],[26.886201,-10.493325],[26.890788,-10.498398],[26.897023,-10.504738],[26.902317,-10.506631],[26.909578,-10.510743],[26.910976,-10.511638],[26.913534,-10.513275],[26.917803,-10.517395],[26.920715,-10.523426],[26.923614,-10.53041],[26.92353,-10.536766],[26.920779,-10.543765],[26.919705,-10.549489],[26.920623,-10.555525],[26.920523,-10.563152],[26.922089,-10.570458],[26.923983,-10.57808],[26.924909,-10.58348],[26.926458,-10.592057],[26.92833,-10.601269],[26.931947,-10.604437],[26.938892,-10.607279],[26.946543,-10.606941],[26.948954,-10.600578],[26.950701,-10.594217],[26.953823,-10.584357],[26.956268,-10.575452],[26.961013,-10.568765],[26.965721,-10.564621],[26.972422,-10.560789],[26.980445,-10.55759],[26.988761,-10.55725],[26.999737,-10.556903],[27.0049,-10.55792],[27.007697,-10.558471],[27.014347,-10.558453],[27.021981,-10.559386],[27.02901,-10.555872],[27.032381,-10.552367],[27.038051,-10.55108],[27.043703,-10.551065],[27.049664,-10.552956],[27.053952,-10.555487],[27.059222,-10.559287],[27.065834,-10.56213],[27.073133,-10.563382],[27.080154,-10.560503],[27.087178,-10.557306],[27.092873,-10.554113],[27.099586,-10.549327],[27.101947,-10.546779],[27.102342,-10.542011],[27.102746,-10.536607],[27.103154,-10.530885],[27.103196,-10.527707],[27.105903,-10.524204],[27.10932,-10.517203],[27.115377,-10.511784],[27.120469,-10.503825],[27.125524,-10.498727],[27.131265,-10.492037],[27.136012,-10.485033],[27.141403,-10.479616],[27.148137,-10.473242],[27.154531,-10.467504],[27.16025,-10.462404],[27.16972,-10.450302],[27.174101,-10.445841],[27.179489,-10.440742],[27.185545,-10.435323],[27.18791,-10.432456],[27.187977,-10.429631],[27.184337,-10.42611],[27.181118,-10.422272],[27.180081,-10.421036],[27.176803,-10.417549],[27.173869,-10.413107],[27.167652,-10.405496],[27.165484,-10.402911],[27.163397,-10.400423],[27.159478,-10.39503],[27.15524,-10.388685],[27.151022,-10.380751],[27.144835,-10.370916],[27.139279,-10.363621],[27.135377,-10.356957],[27.130482,-10.349979],[27.126883,-10.345539],[27.122295,-10.340466],[27.119353,-10.33666],[27.113128,-10.329685],[27.108877,-10.324294],[27.105598,-10.320806],[27.097344,-10.316379],[27.092426,-10.312959],[27.083509,-10.306564],[27.078248,-10.302128],[27.070577,-10.297668],[27.061749,-10.292638],[27.059798,-10.291823],[27.056458,-10.290427],[27.051201,-10.285674],[27.04461,-10.281243],[27.039008,-10.277444],[27.031107,-10.271426],[27.026166,-10.267944],[27.02157,-10.263507],[27.01497,-10.25971],[27.012566,-10.257637],[27.008724,-10.254324],[27.005445,-10.250837],[27.000184,-10.246402],[26.993634,-10.238792],[26.988382,-10.233721],[26.982169,-10.225792],[26.979946,-10.217853],[26.980704,-10.210859],[26.983764,-10.205766],[26.986146,-10.201628],[26.989891,-10.194944],[26.993949,-10.189848],[26.99769,-10.183482],[27.006819,-10.172017],[27.010876,-10.166921],[27.015615,-10.15803],[27.019037,-10.153233],[27.021772,-10.147506],[27.024521,-10.140824],[27.02692,-10.135415],[27.030324,-10.129368],[27.034079,-10.122048],[27.03987,-10.111545],[27.042593,-10.10677],[27.048359,-10.098174],[27.054415,-10.092755],[27.061838,-10.084473],[27.070278,-10.074916],[27.076346,-10.068543],[27.079742,-10.063132],[27.083139,-10.05772],[27.087529,-10.052623],[27.090597,-10.046894],[27.09537,-10.037983],[27.099418,-10.033523],[27.099805,-10.02939],[27.098534,-10.024944],[27.09659,-10.021136],[27.094657,-10.016374],[27.092085,-10.009707],[27.089826,-10.004628],[27.085015,-9.991293],[27.081386,-9.989078],[27.07612,-9.98496],[27.071534,-9.979887],[27.067601,-9.975448],[27.064365,-9.968783],[27.063771,-9.963382],[27.063211,-9.955438],[27.063286,-9.949717],[27.065711,-9.942401],[27.069452,-9.936035],[27.073185,-9.930305],[27.074229,-9.926806],[27.074962,-9.921719],[27.069717,-9.916012],[27.059114,-9.91318],[27.045479,-9.913535],[27.035903,-9.919272],[27.033859,-9.921832],[27.026331,-9.915283],[27.023649,-9.921533],[27.01642,-9.919116],[27.007397,-9.935121],[27.008414,-9.940624],[27.006372,-9.943415],[26.99924,-9.941314],[26.995001,-9.940065],[26.991309,-9.938978],[26.990059,-9.93861],[26.988008,-9.940942],[26.986966,-9.948316],[26.9826,-9.950912],[26.984297,-9.955483],[26.971536,-9.955222],[26.965412,-9.949339],[26.963341,-9.950521],[26.959289,-9.95817],[26.958638,-9.95823],[26.956277,-9.958447],[26.952729,-9.954133],[26.949249,-9.953957],[26.943306,-9.959566],[26.941223,-9.959827],[26.941238,-9.960753],[26.941299,-9.964655],[26.939483,-9.967213],[26.937726,-9.967123],[26.936,-9.967035],[26.935816,-9.966913],[26.932953,-9.965014],[26.930561,-9.975166],[26.928961,-9.973816],[26.924307,-9.969886],[26.922804,-9.968617],[26.91949,-9.966997],[26.913686,-9.964158],[26.908817,-9.964232],[26.908089,-9.977118],[26.90071,-9.965046],[26.900516,-9.965041],[26.895373,-9.964898],[26.894352,-9.965622],[26.892391,-9.967012],[26.886051,-9.96205],[26.884263,-9.966445],[26.888667,-9.981093],[26.886194,-9.98619],[26.883865,-9.985535],[26.882129,-9.978434],[26.879813,-9.978797],[26.87889,-9.978942],[26.872957,-9.98524],[26.870397,-9.984819],[26.867769,-9.9798],[26.86754,-9.979719],[26.863923,-9.978437],[26.860646,-9.977274],[26.860304,-9.977153],[26.855213,-9.977921],[26.848569,-9.983308],[26.84312,-9.984314],[26.839084,-9.98506],[26.836101,-9.987173],[26.835935,-10.0],[26.83589,-10.003502],[26.834349,-10.009043],[26.831142,-10.01162],[26.825055,-10.012467],[26.821882,-10.012908],[26.81479,-10.019452],[26.811558,-10.020628],[26.810177,-10.021131],[26.80251,-10.020554],[26.80199,-10.020812],[26.795832,-10.023872],[26.790029,-10.023728],[26.783916,-10.018301],[26.775083,-10.017283],[26.771049,-10.011363],[26.770182,-10.010817],[26.763555,-10.006645],[26.755699,-10.00883],[26.752752,-10.007696],[26.747066,-10.005507],[26.77242,-9.989777],[26.776215,-9.986831],[26.779347,-9.982255],[26.781774,-9.979312],[26.782171,-9.97507],[26.782612,-9.967565],[26.782682,-9.962345],[26.782461,-9.953211],[26.782576,-9.944402],[26.782344,-9.936247],[26.780398,-9.928422],[26.780123,-9.923529],[26.779842,-9.918963],[26.777486,-9.916359],[26.773434,-9.913107],[26.769006,-9.912467],[26.761496,-9.912487],[26.755681,-9.913481],[26.750561,-9.913494],[26.740325,-9.913195],[26.731797,-9.912892],[26.720887,-9.911942],[26.708945,-9.911648],[26.69734,-9.911679],[26.686076,-9.911709],[26.67515,-9.912064],[26.670025,-9.912404],[26.664909,-9.912091],[26.654329,-9.912119],[26.652072,-9.911816],[26.647174,-9.91116],[26.641687,-9.913132],[26.635513,-9.915432],[26.629006,-9.91708],[26.623856,-9.919378],[26.619059,-9.920696],[26.613249,-9.921364],[26.60676,-9.921707],[26.599254,-9.921401],[26.593137,-9.91946],[26.589071,-9.917187],[26.58367,-9.912634],[26.579924,-9.911991],[26.575487,-9.912003],[26.569001,-9.91202],[26.558762,-9.912048],[26.553659,-9.910756],[26.549606,-9.907505],[26.546206,-9.906535],[26.540394,-9.907203],[26.532545,-9.907224],[26.526404,-9.906914],[26.518909,-9.905955],[26.514139,-9.905315],[26.508699,-9.903699],[26.504983,-9.900772],[26.49921,-9.898504],[26.49413,-9.895581],[26.487675,-9.893315],[26.483937,-9.89202],[26.479176,-9.890727],[26.471317,-9.891401],[26.467217,-9.891738],[26.461392,-9.893385],[26.45591,-9.895031],[26.450769,-9.896675],[26.443238,-9.898327],[26.437775,-9.898504],[26.432997,-9.898354],[26.430099,-9.898199],[26.425841,-9.897557],[26.422782,-9.896587],[26.419578,-9.893659],[26.415536,-9.889592],[26.412004,-9.885686],[26.409489,-9.882268],[26.40664,-9.87836],[26.404799,-9.875592],[26.403967,-9.873963],[26.400416,-9.871526],[26.394288,-9.870237],[26.389524,-9.869271],[26.385428,-9.869282],[26.378945,-9.869136],[26.375553,-9.867514],[26.371988,-9.866055],[26.368268,-9.863455],[26.366747,-9.862317],[26.36406,-9.859062],[26.361867,-9.857111],[26.360199,-9.854179],[26.355762,-9.854191],[26.347557,-9.855191],[26.341738,-9.856512],[26.326032,-9.85688],[26.316817,-9.856904],[26.310288,-9.860184],[26.308539,-9.863451],[26.307787,-9.868673],[26.30567,-9.873899],[26.30354,-9.880103],[26.299047,-9.884356],[26.295284,-9.885018],[26.291188,-9.885029],[26.286076,-9.88439],[26.282668,-9.884073],[26.279634,-9.881145],[26.275582,-9.877894],[26.273577,-9.874636],[26.271926,-9.8704],[26.269926,-9.866816],[26.269986,-9.862249],[26.270051,-9.857355],[26.269044,-9.856053],[26.269126,-9.849854],[26.267381,-9.844658],[26.266499,-9.842031],[26.266905,-9.837136],[26.266006,-9.827678],[26.267103,-9.822129],[26.270939,-9.81592],[26.275104,-9.810689],[26.278591,-9.805134],[26.280695,-9.800887],[26.285236,-9.793045],[26.2853,-9.788151],[26.285745,-9.78032],[26.286847,-9.774445],[26.288972,-9.768567],[26.292104,-9.763991],[26.297989,-9.757777],[26.305597,-9.750253],[26.312169,-9.743711],[26.321168,-9.734226],[26.327035,-9.729316],[26.331861,-9.725715],[26.338411,-9.720804],[26.340157,-9.717863],[26.340143,-9.717598],[26.339884,-9.712644],[26.339249,-9.709057],[26.337235,-9.706452],[26.336276,-9.701561],[26.334284,-9.697325],[26.332621,-9.694067],[26.330093,-9.691055],[26.330655,-9.687874],[26.330024,-9.683961],[26.330767,-9.679391],[26.334966,-9.67155],[26.337736,-9.668607],[26.341542,-9.664682],[26.345698,-9.660103],[26.352257,-9.65454],[26.352987,-9.650949],[26.35268,-9.64834],[26.350653,-9.646714],[26.346903,-9.646398],[26.34285,-9.643146],[26.337411,-9.64153],[26.332636,-9.641216]]]}},
{"type":"Feature","properties":{"minmod_id":"Q3021","name":"Tanganyika"},"geometry":{"type":"Polygon","coordinates":[[[28.803515,-5.010334],[28.801756,-5.010345],[28.592894,-5.015308],[28.40699,-5.019725],[28.287895,-5.01815],[28.094994,-5.015598],[28.01081,-5.014485],[27.971724,-5.013968],[27.858943,-5.012476],[27.857873,-5.012462],[27.673556,-5.010025],[27.638967,-5.013862],[27.625777,-5.013509],[27.602111,-5.016573],[27.596297,-5.016332],[27.596269,-5.016331],[27.55062,-5.014436],[27.535172,-5.013795],[27.410296,-5.011351],[27.392497,-5.011002],[27.388628,-5.010926],[27.329599,-5.009771],[27.320191,-5.009504],[27.313212,-5.009306],[27.26417,-5.007993],[27.106248,-5.003441],[27.088518,-5.00293],[26.968362,-4.999521],[26.958055,-4.999545],[26.956886,-4.999547],[26.95455,-4.999553],[26.952442,-4.999558],[26.943836,-4.999578],[26.735796,-5.00006],[26.617062,-5.000336],[26.596111,-5.000384],[26.569758,-5.000446],[26.487655,-5.000636],[26.467843,-5.000682],[26.387572,-5.000868],[26.313481,-5.00104],[26.279764,-5.001118],[26.270477,-5.0],[26.269218,-5.006923],[26.265464,-5.01618],[26.26511,-5.017053],[26.262834,-5.020599],[26.257202,-5.029374],[26.252989,-5.035939],[26.251595,-5.037253],[26.224793,-5.062533],[26.201912,-5.084113],[26.201333,-5.085349],[26.199802,-5.088616],[26.198028,-5.092401],[26.194136,-5.113587],[26.191221,-5.129451],[26.191223,-5.129481],[26.191281,-5.13027],[26.191335,-5.131006],[26.191694,-5.135892],[26.19446,-5.140948],[26.191757,-5.165797],[26.192737,-5.167751],[26.194776,-5.171819],[26.197288,-5.17683],[26.197656,-5.182413],[26.198,-5.187641],[26.196188,-5.198916],[26.194042,-5.205214],[26.191169,-5.213647],[26.185928,-5.223955],[26.18228,-5.231129],[26.181568,-5.232528],[26.179598,-5.234768],[26.1763,-5.238518],[26.176019,-5.238631],[26.172869,-5.2399],[26.16942,-5.24129],[26.168783,-5.242002],[26.167284,-5.243677],[26.166723,-5.244304],[26.166603,-5.244438],[26.166282,-5.244797],[26.165298,-5.245897],[26.158252,-5.24929],[26.157,-5.249893],[26.154749,-5.250977],[26.151345,-5.254489],[26.147481,-5.258475],[26.145815,-5.260193],[26.141472,-5.269172],[26.139136,-5.288643],[26.138988,-5.289879],[26.133735,-5.303001],[26.133744,-5.307372],[26.133753,-5.311741],[26.133105,-5.312486],[26.128944,-5.31727],[26.128474,-5.318836],[26.126906,-5.324058],[26.126663,-5.324865],[26.123405,-5.327487],[26.117656,-5.332112],[26.11635,-5.333163],[26.112833,-5.338855],[26.111086,-5.341683],[26.109769,-5.345595],[26.108688,-5.348804],[26.111865,-5.376232],[26.117683,-5.400782],[26.122798,-5.418659],[26.132867,-5.440117],[26.132772,-5.455144],[26.134664,-5.470962],[26.136511,-5.493677],[26.136939,-5.504775],[26.150536,-5.519427],[26.151406,-5.536251],[26.151645,-5.540888],[26.16127,-5.553955],[26.173712,-5.554534],[26.175678,-5.558528],[26.17213,-5.568533],[26.161866,-5.577865],[26.156856,-5.582904],[26.152558,-5.59338],[26.151029,-5.599005],[26.147531,-5.601128],[26.136834,-5.600103],[26.128628,-5.598898],[26.124393,-5.599524],[26.119112,-5.608004],[26.11802,-5.623245],[26.117701,-5.63432],[26.108134,-5.651552],[26.103601,-5.659804],[26.12063,-5.682918],[26.126547,-5.691942],[26.124685,-5.710855],[26.1236,-5.724863],[26.131015,-5.733188],[26.153709,-5.747801],[26.154294,-5.74778],[26.160371,-5.74756],[26.164994,-5.751427],[26.166985,-5.753092],[26.167503,-5.753526],[26.172117,-5.755794],[26.175858,-5.757633],[26.18429,-5.761777],[26.184249,-5.769358],[26.184354,-5.778279],[26.189351,-5.796934],[26.197121,-5.807682],[26.20294,-5.814983],[26.207264,-5.825121],[26.208178,-5.837894],[26.205218,-5.846204],[26.186821,-5.857956],[26.177036,-5.870926],[26.173171,-5.89971],[26.177771,-5.93336],[26.183958,-5.939443],[26.192715,-5.936609],[26.196972,-5.941069],[26.205924,-5.954855],[26.215006,-5.979586],[26.211996,-5.983638],[26.202886,-5.988905],[26.186126,-5.993763],[26.182366,-5.999031],[26.182552,-6.014839],[26.186002,-6.015651],[26.202183,-6.0266],[26.212607,-6.035521],[26.222573,-6.037957],[26.255031,-6.035537],[26.234387,-6.067548],[26.219869,-6.067948],[26.204982,-6.069564],[26.194739,-6.076044],[26.187582,-6.084958],[26.187348,-6.097521],[26.19095,-6.111301],[26.198327,-6.12103],[26.217751,-6.147783],[26.217828,-6.154266],[26.212639,-6.168042],[26.206667,-6.181918],[26.201479,-6.19397],[26.190242,-6.213415],[26.163708,-6.232043],[26.143193,-6.24257],[26.133457,-6.259582],[26.116496,-6.295481],[26.105069,-6.319666],[26.096932,-6.330887],[26.063531,-6.377016],[26.059697,-6.386201],[26.05551,-6.410084],[26.051236,-6.41758],[26.040489,-6.424559],[26.024145,-6.433553],[26.010356,-6.436284],[26.000837,-6.430678],[25.995635,-6.425978],[25.98786,-6.42376],[25.98401,-6.430003],[25.981066,-6.44424],[25.985013,-6.456482],[25.984617,-6.463197],[25.975565,-6.46432],[25.960893,-6.463257],[25.945783,-6.460927],[25.943653,-6.465936],[25.949099,-6.516842],[25.948443,-6.527971],[25.947911,-6.536984],[25.941914,-6.544873],[25.93032,-6.554776],[25.934238,-6.561555],[25.937344,-6.577981],[25.934389,-6.590115],[25.934451,-6.601874],[25.952145,-6.603403],[25.965945,-6.602772],[25.98365,-6.606401],[25.991021,-6.613651],[25.999705,-6.624281],[26.010603,-6.645862],[26.017114,-6.653519],[26.014617,-6.670696],[26.011809,-6.682222],[26.011662,-6.682828],[26.006156,-6.702058],[26.010519,-6.71136],[26.031664,-6.712941],[26.034308,-6.723477],[26.032233,-6.738979],[26.033795,-6.742822],[26.03704,-6.750807],[26.06037,-6.759505],[26.085443,-6.763732],[26.090784,-6.789585],[26.1009,-6.788419],[26.106578,-6.790699],[26.112869,-6.793225],[26.120456,-6.791374],[26.125751,-6.794582],[26.130167,-6.794964],[26.133573,-6.795259],[26.134775,-6.813836],[26.111849,-6.814097],[26.09488,-6.810843],[26.094837,-6.819356],[26.086666,-6.835933],[26.079799,-6.842545],[26.081587,-6.854324],[26.075595,-6.863047],[26.068274,-6.865455],[26.04501,-6.870977],[26.038152,-6.879267],[26.04079,-6.88854],[26.052497,-6.900049],[26.072802,-6.905813],[26.089635,-6.907747],[26.108629,-6.910553],[26.113401,-6.915662],[26.113864,-6.921544],[26.109236,-6.929958],[26.102346,-6.935254],[26.098402,-6.941243],[26.09432,-6.947445],[26.101558,-6.959964],[26.108467,-6.961328],[26.116665,-6.961872],[26.135211,-6.961314],[26.150312,-6.961962],[26.176293,-6.944186],[26.188992,-6.944171],[26.203513,-6.942331],[26.216814,-6.942923],[26.220386,-6.951367],[26.220651,-6.968368],[26.219816,-6.97166],[26.218143,-6.978252],[26.214927,-6.980785],[26.213199,-6.986525],[26.21534,-6.989988],[26.217815,-6.993992],[26.223864,-7.003779],[26.226075,-7.013883],[26.234791,-7.030797],[26.245346,-7.034758],[26.261589,-7.040853],[26.2698,-7.043915],[26.278856,-7.043213],[26.287016,-7.036624],[26.298394,-7.013026],[26.314982,-7.021211],[26.338753,-7.043668],[26.362983,-7.050325],[26.378705,-7.050306],[26.390191,-7.0509],[26.399861,-7.0518],[26.413377,-7.0452],[26.414058,-7.041064],[26.416051,-7.039429],[26.419111,-7.036918],[26.42896,-7.038127],[26.433838,-7.038726],[26.438851,-7.04184],[26.443352,-7.044636],[26.458025,-7.050623],[26.468692,-7.055525],[26.473455,-7.057714],[26.485658,-7.061823],[26.477519,-7.090447],[26.481478,-7.10292],[26.475514,-7.117092],[26.470853,-7.132962],[26.469188,-7.144262],[26.457151,-7.152049],[26.407211,-7.160542],[26.394469,-7.190142],[26.385932,-7.209975],[26.385704,-7.213246],[26.385484,-7.216408],[26.383673,-7.221452],[26.382513,-7.224683],[26.382191,-7.224977],[26.379988,-7.226986],[26.382301,-7.232724],[26.381622,-7.237549],[26.380894,-7.238645],[26.377954,-7.243069],[26.376848,-7.261907],[26.380992,-7.262358],[26.383299,-7.264881],[26.382843,-7.266949],[26.37915,-7.269482],[26.378477,-7.269943],[26.371605,-7.283509],[26.370238,-7.289257],[26.368871,-7.295],[26.367781,-7.296422],[26.364282,-7.300981],[26.35948,-7.313853],[26.3526,-7.324203],[26.352377,-7.327189],[26.358158,-7.339121],[26.372872,-7.374292],[26.387708,-7.370024],[26.396174,-7.370014],[26.410826,-7.40218],[26.4177,-7.41796],[26.424044,-7.418863],[26.433733,-7.416119],[26.438311,-7.407613],[26.436239,-7.398811],[26.428432,-7.388194],[26.421853,-7.373931],[26.421908,-7.363],[26.427674,-7.358743],[26.434633,-7.357823],[26.443984,-7.362063],[26.449704,-7.366915],[26.454514,-7.372374],[26.460803,-7.384208],[26.465548,-7.402419],[26.471388,-7.432828],[26.475532,-7.433508],[26.478585,-7.430449],[26.479206,-7.429826],[26.479201,-7.427873],[26.479196,-7.425922],[26.479479,-7.425878],[26.479938,-7.425807],[26.482187,-7.425457],[26.482992,-7.423355],[26.483331,-7.422469],[26.483629,-7.419739],[26.484007,-7.416266],[26.487462,-7.412802],[26.490894,-7.409361],[26.494426,-7.407841],[26.495722,-7.407284],[26.496886,-7.407977],[26.497589,-7.408396],[26.498028,-7.408658],[26.510456,-7.408402],[26.51576,-7.413213],[26.517792,-7.413825],[26.518985,-7.414184],[26.521059,-7.414809],[26.521593,-7.415215],[26.522694,-7.416051],[26.524978,-7.417787],[26.526688,-7.421344],[26.527294,-7.422605],[26.527878,-7.432861],[26.528497,-7.443731],[26.530586,-7.450387],[26.533958,-7.457074],[26.534519,-7.458186],[26.537376,-7.460776],[26.539825,-7.462997],[26.543148,-7.464121],[26.544924,-7.464722],[26.54927,-7.466192],[26.570911,-7.467293],[26.577129,-7.468887],[26.581862,-7.473116],[26.584361,-7.475349],[26.586357,-7.477133],[26.587288,-7.480805],[26.596052,-7.48751],[26.59688,-7.488144],[26.601589,-7.491747],[26.612428,-7.50004],[26.618902,-7.500522],[26.621408,-7.500708],[26.625014,-7.503737],[26.630405,-7.508266],[26.64767,-7.508915],[26.65113,-7.510974],[26.64969,-7.519075],[26.650074,-7.532885],[26.651099,-7.539409],[26.653643,-7.544566],[26.661142,-7.552974],[26.668035,-7.548595],[26.67045,-7.547556],[26.671255,-7.54721],[26.674565,-7.547752],[26.675489,-7.547904],[26.68231,-7.549021],[26.685524,-7.546258],[26.686577,-7.546175],[26.691509,-7.545785],[26.693412,-7.543704],[26.699083,-7.5375],[26.701141,-7.533132],[26.696664,-7.527063],[26.69693,-7.526537],[26.698812,-7.522805],[26.711005,-7.530992],[26.736153,-7.550387],[26.744921,-7.550377],[26.752801,-7.546573],[26.763742,-7.535331],[26.775392,-7.533496],[26.784754,-7.535609],[26.794257,-7.539696],[26.802998,-7.544997],[26.808258,-7.551212],[26.808771,-7.557066],[26.809016,-7.568447],[26.811095,-7.575728],[26.826059,-7.576166],[26.826641,-7.580717],[26.822974,-7.588309],[26.814466,-7.596816],[26.807969,-7.625956],[26.815687,-7.626761],[26.818917,-7.627099],[26.823963,-7.627625],[26.828941,-7.628145],[26.837238,-7.629011],[26.842643,-7.628772],[26.848287,-7.628523],[26.855823,-7.629706],[26.857388,-7.629952],[26.865562,-7.631235],[26.872139,-7.63307],[26.88676,-7.637149],[26.898811,-7.637404],[26.906101,-7.637559],[26.924761,-7.641413],[26.934312,-7.638164],[26.941089,-7.635859],[26.945349,-7.635388],[26.949606,-7.634918],[26.950506,-7.635242],[26.954675,-7.636741],[26.955562,-7.625718],[26.969387,-7.632441],[26.980967,-7.634197],[26.997182,-7.636656],[27.029859,-7.631763],[27.054059,-7.629307],[27.05448,-7.629374],[27.087894,-7.634729],[27.121467,-7.626471],[27.139962,-7.621922],[27.19079,-7.615186],[27.21498,-7.614551],[27.225278,-7.610897],[27.222276,-7.606652],[27.21933,-7.591482],[27.221834,-7.574484],[27.225539,-7.559305],[27.220164,-7.545958],[27.219026,-7.531997],[27.225174,-7.511958],[27.227676,-7.495564],[27.233888,-7.485999],[27.236216,-7.48938],[27.23736,-7.491041],[27.244737,-7.494692],[27.250508,-7.495292],[27.251184,-7.495362],[27.255567,-7.498105],[27.2602,-7.506358],[27.264051,-7.510175],[27.265974,-7.512081],[27.267158,-7.516213],[27.268537,-7.521029],[27.274755,-7.524808],[27.278688,-7.527198],[27.280546,-7.532015],[27.279869,-7.535691],[27.282641,-7.538552],[27.285413,-7.541415],[27.304234,-7.542216],[27.307866,-7.541605],[27.31937,-7.538556],[27.333281,-7.537933],[27.354004,-7.538905],[27.35627,-7.529023],[27.361695,-7.520258],[27.362678,-7.518669],[27.364522,-7.516743],[27.368412,-7.51268],[27.381059,-7.508736],[27.38886,-7.501822],[27.391126,-7.5015],[27.39221,-7.501346],[27.397144,-7.500646],[27.402883,-7.496724],[27.406489,-7.49245],[27.412391,-7.485455],[27.414345,-7.483139],[27.416666,-7.481292],[27.419853,-7.478757],[27.423695,-7.478265],[27.429056,-7.477579],[27.430709,-7.476011],[27.433185,-7.473661],[27.436651,-7.473009],[27.437939,-7.472767],[27.439396,-7.472493],[27.440314,-7.473476],[27.445173,-7.478675],[27.444269,-7.483729],[27.446269,-7.486981],[27.447511,-7.489001],[27.444621,-7.495796],[27.443403,-7.49866],[27.444116,-7.504628],[27.443297,-7.507781],[27.441847,-7.513362],[27.443708,-7.519097],[27.443613,-7.52074],[27.442842,-7.534026],[27.463952,-7.526245],[27.484533,-7.521971],[27.497848,-7.519527],[27.503321,-7.51345],[27.502155,-7.504953],[27.499837,-7.484922],[27.506656,-7.483015],[27.510737,-7.481873],[27.520409,-7.482469],[27.528862,-7.484888],[27.552979,-7.498822],[27.575322,-7.504866],[27.586167,-7.512746],[27.593988,-7.520628],[27.597586,-7.526694],[27.597546,-7.534586],[27.586128,-7.560642],[27.587034,-7.56274],[27.592167,-7.574628],[27.593789,-7.576101],[27.594938,-7.577145],[27.608319,-7.581541],[27.614992,-7.583734],[27.615465,-7.586947],[27.618242,-7.590841],[27.619102,-7.591488],[27.624016,-7.595184],[27.626153,-7.61194],[27.6278,-7.615914],[27.63162,-7.617556],[27.632391,-7.617887],[27.638697,-7.625808],[27.650436,-7.640555],[27.652623,-7.642766],[27.6613,-7.651537],[27.665563,-7.664488],[27.66666,-7.667821],[27.669281,-7.669722],[27.673588,-7.672847],[27.641501,-7.691119],[27.631764,-7.703266],[27.626767,-7.734824],[27.63026,-7.761515],[27.630138,-7.785783],[27.633715,-7.793489],[27.639708,-7.806398],[27.680591,-7.853058],[27.692015,-7.865782],[27.704063,-7.874866],[27.706572,-7.875321],[27.723999,-7.878482],[27.734282,-7.877863],[27.74761,-7.872995],[27.774265,-7.863259],[27.782789,-7.851724],[27.789484,-7.843224],[27.801161,-7.847093],[27.80267,-7.847502],[27.807846,-7.848904],[27.808903,-7.853252],[27.809017,-7.853721],[27.806036,-7.856716],[27.806886,-7.86107],[27.806976,-7.861533],[27.806827,-7.861986],[27.806066,-7.864291],[27.809301,-7.866804],[27.808885,-7.868455],[27.806808,-7.876683],[27.807979,-7.88127],[27.831597,-7.885633],[27.848079,-7.888236],[27.852753,-7.904516],[27.851391,-7.909341],[27.8542,-7.920348],[27.84757,-7.932079],[27.846852,-7.93433],[27.845297,-7.939203],[27.841167,-7.943121],[27.841451,-7.955973],[27.836656,-7.96609],[27.834818,-7.967129],[27.83298,-7.968169],[27.827985,-7.985632],[27.824088,-7.990007],[27.81439,-8.007449],[27.807628,-8.01538],[27.796947,-8.03532],[27.788179,-8.046731],[27.781733,-8.060332],[27.775072,-8.062159],[27.766564,-8.070656],[27.744909,-8.085865],[27.739557,-8.095376],[27.737472,-8.107122],[27.73314,-8.113496],[27.730518,-8.117352],[27.72525,-8.119055],[27.720064,-8.125118],[27.708793,-8.134981],[27.708732,-8.147104],[27.71603,-8.156186],[27.717647,-8.154134],[27.725937,-8.143608],[27.740692,-8.131628],[27.745277,-8.130397],[27.749668,-8.131005],[27.762026,-8.138813],[27.768255,-8.139157],[27.768467,-8.138965],[27.771881,-8.135877],[27.800712,-8.13366],[27.815243,-8.130006],[27.8316,-8.123925],[27.847341,-8.12027],[27.853375,-8.122687],[27.837543,-8.144527],[27.819316,-8.16152],[27.793244,-8.175491],[27.79012,-8.177971],[27.751959,-8.208267],[27.730673,-8.232532],[27.721522,-8.248299],[27.735443,-8.245858],[27.747591,-8.234936],[27.757877,-8.233712],[27.760864,-8.24098],[27.752911,-8.259169],[27.743727,-8.281599],[27.75156,-8.287043],[27.763694,-8.279152],[27.773689,-8.269471],[27.776582,-8.263907],[27.784591,-8.236205],[27.787286,-8.232367],[27.78998,-8.228529],[27.795978,-8.222911],[27.801986,-8.217284],[27.807308,-8.206165],[27.818674,-8.197688],[27.827194,-8.185131],[27.833956,-8.183168],[27.840717,-8.181206],[27.839456,-8.199826],[27.839894,-8.203374],[27.840275,-8.206469],[27.836988,-8.227655],[27.832489,-8.233479],[27.833885,-8.24631],[27.851549,-8.244509],[27.862418,-8.247526],[27.874493,-8.251148],[27.877187,-8.250654],[27.881151,-8.249928],[27.889027,-8.246889],[27.890261,-8.24204],[27.898104,-8.245666],[27.90048,-8.254147],[27.904682,-8.260202],[27.910716,-8.262618],[27.915554,-8.262613],[27.960252,-8.272255],[27.968152,-8.264368],[27.97182,-8.256487],[27.971894,-8.241943],[27.981035,-8.227995],[27.98587,-8.228595],[27.988096,-8.233976],[27.984653,-8.241182],[27.983667,-8.243245],[27.986036,-8.258355],[27.986004,-8.259035],[27.985546,-8.268697],[27.988527,-8.272886],[27.989576,-8.27436],[27.989729,-8.274895],[27.990813,-8.278699],[27.988657,-8.286318],[27.989456,-8.291814],[27.986926,-8.300056],[27.985769,-8.303824],[27.979347,-8.313299],[27.977253,-8.316388],[27.981369,-8.326413],[27.985929,-8.347452],[27.985534,-8.35085],[27.984348,-8.361032],[27.987073,-8.362273],[27.990633,-8.363896],[27.995636,-8.372068],[28.004266,-8.374426],[28.005838,-8.374856],[28.007279,-8.375911],[28.020815,-8.385819],[28.03009,-8.400108],[28.038809,-8.404392],[28.043132,-8.406516],[28.05538,-8.407655],[28.062393,-8.412342],[28.066221,-8.412158],[28.070459,-8.411955],[28.075923,-8.408984],[28.081413,-8.405999],[28.089311,-8.403917],[28.072862,-8.364213],[28.062665,-8.347868],[28.066315,-8.343623],[28.083789,-8.355719],[28.094655,-8.359341],[28.097679,-8.359337],[28.101939,-8.35388],[28.108048,-8.341757],[28.115322,-8.338113],[28.131655,-8.336882],[28.161268,-8.316702],[28.164558,-8.30837],[28.17494,-8.297142],[28.182708,-8.282291],[28.183902,-8.280964],[28.185865,-8.278784],[28.203324,-8.274392],[28.219752,-8.254377],[28.231874,-8.248909],[28.238041,-8.249891],[28.262084,-8.253721],[28.262618,-8.267657],[28.263759,-8.280986],[28.27221,-8.284006],[28.289752,-8.282773],[28.303067,-8.280334],[28.312801,-8.26881],[28.327642,-8.255047],[28.338317,-8.245147],[28.356535,-8.229976],[28.39176,-8.199634],[28.40817,-8.183251],[28.422121,-8.174749],[28.432437,-8.167464],[28.440369,-8.153514],[28.439975,-8.150654],[28.438036,-8.136546],[28.430847,-8.123219],[28.426123,-8.100796],[28.4262,-8.08564],[28.429331,-8.064418],[28.429413,-8.048049],[28.439727,-8.041368],[28.456127,-8.026797],[28.479799,-8.009186],[28.495082,-7.976425],[28.503044,-7.956404],[28.515264,-7.931526],[28.526274,-7.906648],[28.526744,-7.904726],[28.527821,-7.900315],[28.529979,-7.891481],[28.526098,-7.881781],[28.512842,-7.872396],[28.5038,-7.866947],[28.483857,-7.864545],[28.470881,-7.859707],[28.444345,-7.845788],[28.431987,-7.83822],[28.425173,-7.810627],[28.417036,-7.80548],[28.40467,-7.799429],[28.386872,-7.791563],[28.378121,-7.788237],[28.371588,-7.788085],[28.365726,-7.787948],[28.360594,-7.786438],[28.355812,-7.775523],[28.36801,-7.754881],[28.377746,-7.742735],[28.397201,-7.722083],[28.407017,-7.694159],[28.413098,-7.687477],[28.422779,-7.686252],[28.428826,-7.686245],[28.441515,-7.68805],[28.461033,-7.679319],[28.463651,-7.674443],[28.466964,-7.668271],[28.470787,-7.667991],[28.47364,-7.667782],[28.474997,-7.665807],[28.475696,-7.664788],[28.473154,-7.661479],[28.470598,-7.658152],[28.470705,-7.657856],[28.471508,-7.655623],[28.474035,-7.654693],[28.477827,-7.650467],[28.480447,-7.647546],[28.479279,-7.643877],[28.480642,-7.640427],[28.485691,-7.637189],[28.493288,-7.636925],[28.494438,-7.636024],[28.501543,-7.630459],[28.503964,-7.629481],[28.506139,-7.628601],[28.509028,-7.629271],[28.519737,-7.631753],[28.520055,-7.631433],[28.522029,-7.629447],[28.522247,-7.62715],[28.533347,-7.625341],[28.548101,-7.622685],[28.562316,-7.63546],[28.571012,-7.640388],[28.580568,-7.642111],[28.581517,-7.642674],[28.592348,-7.649097],[28.59492,-7.651131],[28.595814,-7.651837],[28.599956,-7.651358],[28.603418,-7.652949],[28.609907,-7.661185],[28.612732,-7.67334],[28.618959,-7.675607],[28.625836,-7.680131],[28.63282,-7.684726],[28.629911,-7.696428],[28.629069,-7.706618],[28.623036,-7.724389],[28.622807,-7.747966],[28.628913,-7.759011],[28.637922,-7.77325],[28.644623,-7.790404],[28.650963,-7.810451],[28.648714,-7.820792],[28.658607,-7.826165],[28.668453,-7.828177],[28.685549,-7.83541],[28.687311,-7.845591],[28.682417,-7.855787],[28.671447,-7.866871],[28.658451,-7.87796],[28.65645,-7.892604],[28.670964,-7.893224],[28.678756,-7.895659],[28.690906,-7.89301],[28.704941,-7.899904],[28.708438,-7.90376],[28.712363,-7.908087],[28.720772,-7.913885],[28.726276,-7.915908],[28.747404,-7.915566],[28.758431,-7.926594],[28.765148,-7.950142],[28.770988,-7.9702],[28.779107,-7.975708],[28.790545,-7.978007],[28.80704,-7.976657],[28.83005,-7.976456],[28.842624,-7.970316],[28.854027,-7.958361],[28.85872,-7.947627],[28.859388,-7.943033],[28.862373,-7.941641],[28.860639,-7.938795],[28.859805,-7.938598],[28.858947,-7.937555],[28.85952,-7.936958],[28.859537,-7.93694],[28.860584,-7.936512],[28.86112,-7.935682],[28.86112,-7.933381],[28.861603,-7.932498],[28.862435,-7.931509],[28.863428,-7.930786],[28.864421,-7.930599],[28.865011,-7.931883],[28.865494,-7.933569],[28.866273,-7.933569],[28.867024,-7.932579],[28.86842,-7.931803],[28.87003,-7.930759],[28.870405,-7.929582],[28.868527,-7.928619],[28.867854,-7.928147],[28.866622,-7.927281],[28.866165,-7.926318],[28.866219,-7.925168],[28.866452,-7.924742],[28.866702,-7.924285],[28.868017,-7.923455],[28.868715,-7.923616],[28.869117,-7.925596],[28.870164,-7.925676],[28.872606,-7.925007],[28.87325,-7.92375],[28.873948,-7.922358],[28.875128,-7.922599],[28.876309,-7.922626],[28.877248,-7.921823],[28.878402,-7.921422],[28.877973,-7.920405],[28.877087,-7.919817],[28.875558,-7.919014],[28.874324,-7.918992],[28.874028,-7.918987],[28.872579,-7.918265],[28.87266,-7.917302],[28.873338,-7.916382],[28.873706,-7.915884],[28.874431,-7.915188],[28.875343,-7.913904],[28.875182,-7.912432],[28.874699,-7.910292],[28.875021,-7.909516],[28.874538,-7.908232],[28.873986,-7.906787],[28.873894,-7.906546],[28.874135,-7.905877],[28.874381,-7.905789],[28.875397,-7.905422],[28.876121,-7.904753],[28.876819,-7.903442],[28.87588,-7.902693],[28.875784,-7.902237],[28.875638,-7.901542],[28.876175,-7.900553],[28.876449,-7.900553],[28.877195,-7.900553],[28.877785,-7.899054],[28.878268,-7.896593],[28.879261,-7.896031],[28.880603,-7.8948],[28.881623,-7.893221],[28.881381,-7.892418],[28.881059,-7.891562],[28.881891,-7.889743],[28.882642,-7.88886],[28.883152,-7.887549],[28.883098,-7.885676],[28.882374,-7.884391],[28.882991,-7.883562],[28.882857,-7.882545],[28.882776,-7.881608],[28.882776,-7.879334],[28.884306,-7.878531],[28.884601,-7.877327],[28.883555,-7.876605],[28.883582,-7.875775],[28.88436,-7.874973],[28.885863,-7.87425],[28.887151,-7.873956],[28.88809,-7.873394],[28.889378,-7.871547],[28.88919,-7.869755],[28.888412,-7.868845],[28.888278,-7.867079],[28.88764,-7.866225],[28.887419,-7.865928],[28.888098,-7.864853],[28.88911,-7.863252],[28.889673,-7.861379],[28.889915,-7.8598],[28.890693,-7.858837],[28.892706,-7.858329],[28.894396,-7.858222],[28.895899,-7.857793],[28.896409,-7.855118],[28.896382,-7.852789],[28.896838,-7.851746],[28.897563,-7.851211],[28.898609,-7.851773],[28.898985,-7.850729],[28.898851,-7.848508],[28.900434,-7.847625],[28.901856,-7.84717],[28.90403,-7.846902],[28.904513,-7.84527],[28.904862,-7.843316],[28.905613,-7.842139],[28.905077,-7.840533],[28.905238,-7.839784],[28.906767,-7.838259],[28.907277,-7.836573],[28.90819,-7.835342],[28.906418,-7.834031],[28.905075,-7.83182],[28.904408,-7.831215],[28.903481,-7.830338],[28.902763,-7.828998],[28.902554,-7.828608],[28.902127,-7.827233],[28.90227,-7.826234],[28.902293,-7.826072],[28.90215,-7.8251],[28.90303,-7.824081],[28.903267,-7.822991],[28.903277,-7.822541],[28.909398,-7.823368],[28.914767,-7.828884],[28.937532,-7.846288],[28.944343,-7.849618],[28.949421,-7.854843],[28.954942,-7.860641],[28.958128,-7.863987],[28.96205,-7.869797],[28.967556,-7.872257],[28.97378,-7.872824],[28.995708,-7.871427],[29.002285,-7.871008],[29.0169,-7.870245],[29.027759,-7.872546],[29.025897,-7.880116],[29.020423,-7.889731],[29.024485,-7.893649],[29.039677,-7.892302],[29.054273,-7.884265],[29.070163,-7.873024],[29.079995,-7.869654],[29.089401,-7.869049],[29.096785,-7.870632],[29.108649,-7.869148],[29.112753,-7.865294],[29.111301,-7.853365],[29.108995,-7.852689],[29.109198,-7.847637],[29.111521,-7.846806],[29.113104,-7.84624],[29.111244,-7.843265],[29.110383,-7.843604],[29.10711,-7.844894],[29.10677,-7.843145],[29.106397,-7.841225],[29.107117,-7.839608],[29.108444,-7.836623],[29.116409,-7.831844],[29.116935,-7.831528],[29.113555,-7.828612],[29.113232,-7.828333],[29.114593,-7.825782],[29.114828,-7.825341],[29.113887,-7.822132],[29.111115,-7.821732],[29.109278,-7.821467],[29.109945,-7.817102],[29.10925,-7.816503],[29.108093,-7.815506],[29.105777,-7.816061],[29.105552,-7.816115],[29.104869,-7.816279],[29.104183,-7.816444],[29.102739,-7.815631],[29.102565,-7.815534],[29.101902,-7.813798],[29.100464,-7.810035],[29.098347,-7.808576],[29.095838,-7.806847],[29.098333,-7.799946],[29.109108,-7.791624],[29.109338,-7.791209],[29.112299,-7.785869],[29.11296,-7.780356],[29.11189,-7.779349],[29.107866,-7.775562],[29.107077,-7.774009],[29.10577,-7.77144],[29.104864,-7.770905],[29.102304,-7.769393],[29.094928,-7.768054],[29.096521,-7.761129],[29.096725,-7.760239],[29.097793,-7.759163],[29.098329,-7.758623],[29.104555,-7.760197],[29.108915,-7.757649],[29.110948,-7.75098],[29.113941,-7.750735],[29.117653,-7.755537],[29.120655,-7.755948],[29.122492,-7.756199],[29.122693,-7.752801],[29.122913,-7.74908],[29.133047,-7.749715],[29.142664,-7.740251],[29.146035,-7.73994],[29.147957,-7.739763],[29.160904,-7.760328],[29.17135,-7.77078],[29.20669,-7.781899],[29.213761,-7.774023],[29.225885,-7.761479],[29.23296,-7.754913],[29.245526,-7.745277],[29.262996,-7.729226],[29.273702,-7.728181],[29.286876,-7.729895],[29.304684,-7.732908],[29.30729,-7.733484],[29.315253,-7.734774],[29.326555,-7.740131],[29.337725,-7.750582],[29.347418,-7.75363],[29.359306,-7.757369],[29.365089,-7.755317],[29.402819,-7.738926],[29.417085,-7.732542],[29.418572,-7.732669],[29.41962,-7.732758],[29.423557,-7.736639],[29.429764,-7.734767],[29.434001,-7.730306],[29.435026,-7.729226],[29.437116,-7.729475],[29.438713,-7.729665],[29.44026,-7.73151],[29.443119,-7.734921],[29.44376,-7.737182],[29.445001,-7.741567],[29.444032,-7.74525],[29.443428,-7.747545],[29.439759,-7.750092],[29.438261,-7.753291],[29.437711,-7.754466],[29.437988,-7.759155],[29.438225,-7.763187],[29.443165,-7.780148],[29.443465,-7.780717],[29.446659,-7.786785],[29.44701,-7.787015],[29.448741,-7.78815],[29.452888,-7.788585],[29.457941,-7.78649],[29.463508,-7.793346],[29.454847,-7.807859],[29.453709,-7.814447],[29.474195,-7.80729],[29.481293,-7.809747],[29.483616,-7.812797],[29.485535,-7.827633],[29.485256,-7.831708],[29.48513,-7.838983],[29.484285,-7.84786],[29.48576,-7.858769],[29.49375,-7.870824],[29.497521,-7.874016],[29.503747,-7.875455],[29.508954,-7.873988],[29.517873,-7.871083],[29.520157,-7.868781],[29.521309,-7.86762],[29.524023,-7.8598],[29.52772,-7.856579],[29.534101,-7.851018],[29.536592,-7.844117],[29.555429,-7.836891],[29.557264,-7.835194],[29.560924,-7.831809],[29.566841,-7.820296],[29.573074,-7.823014],[29.573855,-7.824709],[29.576343,-7.830112],[29.580053,-7.834222],[29.580735,-7.834464],[29.582593,-7.835125],[29.587907,-7.849207],[29.601859,-7.872451],[29.623958,-7.911967],[29.626042,-7.934654],[29.631262,-7.938714],[29.635829,-7.939851],[29.642836,-7.937522],[29.652371,-7.930808],[29.660181,-7.929043],[29.662216,-7.932529],[29.662681,-7.935881],[29.657634,-7.938895],[29.65728,-7.939705],[29.656727,-7.940966],[29.660679,-7.946681],[29.662386,-7.961589],[29.665899,-7.970749],[29.665922,-7.974422],[29.662975,-7.981784],[29.665785,-7.98877],[29.668592,-7.99575],[29.668277,-7.996757],[29.667259,-8.0],[29.66757,-8.001884],[29.666847,-8.009708],[29.664439,-8.013602],[29.660211,-8.020436],[29.656419,-8.034308],[29.651514,-8.045195],[29.648571,-8.051724],[29.64991,-8.059038],[29.645584,-8.079124],[29.63901,-8.092377],[29.636882,-8.093974],[29.635845,-8.094752],[29.629408,-8.095374],[29.619003,-8.102983],[29.613831,-8.103225],[29.608415,-8.103478],[29.592682,-8.110072],[29.583015,-8.110542],[29.574939,-8.11924],[29.572706,-8.129947],[29.583224,-8.168303],[29.579187,-8.174127],[29.560103,-8.181733],[29.543313,-8.180612],[29.540975,-8.171895],[29.531664,-8.152728],[29.526457,-8.153903],[29.520174,-8.187064],[29.520234,-8.210323],[29.519122,-8.22835],[29.528408,-8.23763],[29.534246,-8.256801],[29.538936,-8.280044],[29.55113,-8.294548],[29.553424,-8.310633],[29.556435,-8.331737],[29.562836,-8.345091],[29.57503,-8.359591],[29.59068,-8.36769],[29.605161,-8.371142],[29.61095,-8.371128],[29.622551,-8.380399],[29.628377,-8.395492],[30.562765,-8.296066],[30.793141,-8.271548],[30.767467,-8.187094],[30.737452,-8.10527],[30.685205,-8.017993],[30.637784,-7.957273],[30.605963,-7.837998],[30.574963,-7.750998],[30.561963,-7.718998],[30.540964,-7.666998],[30.513964,-7.602998],[30.478965,-7.533998],[30.453965,-7.478998],[30.422966,-7.417998],[30.398966,-7.360999],[30.374967,-7.291998],[30.325618,-7.223387],[30.306181,-7.182405],[30.289967,-7.134741],[30.276198,-7.102606],[30.196829,-6.978602],[30.161639,-6.921009],[30.135721,-6.891138],[30.09819,-6.851407],[30.094971,-6.847999],[30.022972,-6.792999],[29.984973,-6.763999],[29.905974,-6.707999],[29.839044,-6.652913],[29.826975,-6.642999],[29.791976,-6.608999],[29.773976,-6.586999],[29.746976,-6.553999],[29.712976,-6.503999],[29.708742,-6.497259],[29.688943,-6.465743],[29.663977,-6.425999],[29.654977,-6.412999],[29.650122,-6.401207],[29.623978,-6.337999],[29.620978,-6.322999],[29.611978,-6.303999],[29.611226,-6.30191],[29.602978,-6.278999],[29.594978,-6.251999],[29.588978,-6.219999],[29.579978,-6.154999],[29.578978,-6.146999],[29.577978,-6.101999],[29.577978,-6.075599],[29.577978,-6.027999],[29.577978,-5.962999],[29.580978,-5.941999],[29.588978,-5.902999],[29.599977,-5.855999],[29.604977,-5.808999],[29.606978,-5.777999],[29.606978,-5.767999],[29.604977,-5.750999],[29.598977,-5.663999],[29.595977,-5.651999],[29.587978,-5.618999],[29.575978,-5.555999],[29.567978,-5.535999],[29.566978,-5.529999],[29.563978,-5.514999],[29.560978,-5.507999],[29.557978,-5.501999],[29.549978,-5.474999],[29.529978,-5.414999],[29.526978,-5.409999],[29.521978,-5.398999],[29.500978,-5.343999],[29.494979,-5.336999],[29.475979,-5.294999],[29.465979,-5.270999],[29.438979,-5.202999],[29.428979,-5.176999],[29.409979,-5.123999],[29.400979,-5.091999],[29.39198,-5.068999],[29.38898,-5.057999],[29.373088,-5.016916],[29.372213,-5.009129],[29.372076,-5.007912],[29.122501,-5.008591],[29.122521,-5.008336],[29.122529,-5.008229],[29.11879,-5.008215],[29.114596,-5.008265],[29.09749,-5.008379],[29.026354,-5.008852],[28.97163,-5.009216],[28.803515,-5.010334]]]}}
]
}
